pontaA,pontoB
38,48
41,54
40,53
39,49
54,45
48,47
47,45
41,53
40,49
48,50
45,47
37,49
37,50
49,52
44,43
39,52
44,50
52,49
43,52
40,47
41,52
39,50
43,53
43,53
42,49
44,54
47,52
40,47
37,50
44,54
44,50
42,61
48,52
50,50
50,54
42,47
33,41
49,44
45,54
45,52
44,47
40,46
48,43
51,44
44,47
54,44
45,43
53,45
41,47
48,45
49,46
49,45
47,51
52,45
43,47
45,42
47,48
47,49
39,39
44,45
52,47
47,48
49,46
48,46
51,44
51,50
52,48
48,43
50,46
51,52
50,47
45,42
47,44
46,44
49,47
47,41
49,47
50,43
47,53
52,50
47,47
52,51
53,49
47,49
54,40
55,54
54,55
50,44
35,40
57,57
56,48
54,52
59,52
48,41
52,45
53,53
58,48
52,38
53,44
48,40
57,59
54,50
55,40
61,46
56,56
56,45
72,54
55,42
54,56
71,53
47,43
54,47
51,49
58,53
71,56
56,56
61,56
52,43
70,57
50,42
52,47
51,42
52,47
52,47
48,35
52,47
46,33
33,33
39,36
48,43
73,55
46,41
54,49
52,46
55,53
51,52
59,58
55,54
58,49
69,55
43,42
70,66
59,70
75,74
56,76
81,77
57,79
81,77
60,75
80,74
54,75
77,76
55,76
76,75
56,75
77,74
60,75
77,75
56,74
80,71
58,72
75,75
57,75
81,77
57,74
79,73
57,75
79,74
59,74
81,71
58,74
79,75
57,75
80,75
57,75
83,74
59,74
93,76
63,75
100,73
60,68
84,72
52,74
79,72
59,74
79,76
54,76
79,74
57,74
77,72
55,73
80,81
56,75
79,76
51,73
83,79
55,74
81,73
54,78
83,73
58,76
80,78
61,78
82,75
55,73
80,77
57,77
76,74
58,75
76,76
59,76
77,75
56,74
82,75
59,74
80,76
57,71
79,76
59,73
80,76
57,74
80,77
55,72
79,75
55,71
80,76
55,72
81,75
54,70
79,77
54,72
80,76
54,72
73,76
55,69
80,77
56,74
78,75
52,73
80,77
54,74
80,75
57,70
79,77
58,71
83,74
57,68
81,75
58,74
82,79
57,72
79,78
54,71
77,72
58,70
81,76
52,71
82,76
59,71
78,73
52,74
80,75
53,72
82,74
51,76
76,75
49,76
77,76
52,73
79,77
49,70
74,75
50,73
77,75
54,73
82,82
57,80
76,77
50,69
77,75
48,70
77,73
51,73
79,75
54,72
79,77
53,71
79,72
54,68
74,69
54,70
77,70
52,71
79,77
50,70
77,74
51,70
82,75
47,68
80,75
51,68
80,74
49,70
82,76
50,73
79,73
53,69
83,75
51,71
80,77
53,68
81,77
49,71
76,74
54,70
82,79
52,71
75,78
48,68
81,78
49,68
79,76
49,70
80,78
51,67
80,79
48,70
79,75
46,72
73,76
43,66
76,67
42,68
77,76
43,70
74,73
42,69
73,76
42,72
73,74
43,70
72,75
43,68
76,76
44,70
72,75
45,70
74,74
44,68
74,76
44,71
75,75
42,67
71,73
43,69
73,74
40,71
73,74
42,72
73,76
43,72
72,74
45,75
74,73
46,71
71,72
43,69
72,70
45,69
70,76
45,74
70,76
48,72
70,75
46,75
74,73
39,72
73,75
39,72
78,73
42,71
74,76
42,67
74,76
45,73
73,76
46,70
79,74
44,70
72,72
51,72
78,77
44,72
69,73
45,69
73,76
45,69
74,76
45,72
74,79
42,70
70,75
45,69
71,74
44,69
69,69
33,69
65,72
37,72
67,72
37,67
68,75
39,71
67,69
35,69
63,70
36,70
65,76
34,64
66,70
38,67
69,72
37,67
63,71
38,68
66,70
36,68
65,73
34,66
63,73
38,70
65,72
34,69
68,73
33,68
67,74
34,70
68,71
35,69
65,71
35,71
69,76
38,67
66,74
37,69
63,75
34,70
62,72
38,68
66,71
32,67
67,72
35,69
63,70
36,68
67,71
33,68
73,74
35,72
65,73
37,70
67,74
34,73
65,77
34,70
65,73
37,71
65,72
37,73
61,73
40,71
57,76
38,70
68,72
33,63
72,76
33,65
62,68
31,69
65,67
43,64
66,70
32,64
65,71
35,67
62,68
30,64
61,64
40,64
66,68
37,66
66,69
39,69
58,72
37,67
58,72
39,65
66,71
33,66
60,67
31,65
63,71
35,69
64,73
37,68
66,68
35,62
61,70
41,69
59,71
42,69
66,69
37,67
59,71
40,69
65,70
38,66
67,69
39,71
60,71
36,65
62,71
36,68
65,67
42,63
65,68
39,68
59,68
36,65
63,67
36,65
61,66
35,68
59,69
37,68
63,68
32,70
64,72
35,68
66,69
37,64
62,68
37,68
64,69
39,70
62,68
39,68
64,68
36,68
62,69
39,69
59,69
40,68
67,67
48,67
65,69
42,70
64,68
39,68
65,69
41,70
67,70
46,71
61,73
40,70
67,71
40,68
64,68
43,69
71,67
42,68
66,69
46,69
71,72
41,68
82,71
48,70
73,71
43,65
70,71
37,71
71,67
42,71
69,69
41,68
68,71
43,68
67,71
38,69
63,71
39,68
72,70
47,68
74,68
44,67
70,69
50,69
67,67
45,69
63,73
40,69
68,72
48,71
66,71
45,66
64,73
42,72
63,72
40,68
65,70
42,70
72,67
41,70
70,68
42,66
70,71
40,68
73,69
40,70
73,70
45,69
69,73
45,69
72,69
47,68
67,67
44,68
77,70
52,67
73,69
48,67
74,71
51,69
75,70
52,66
77,68
50,69
78,70
49,70
75,70
49,66
76,65
49,67
70,67
48,66
78,66
51,68
72,69
53,69
72,69
46,66
76,64
47,67
71,68
51,71
72,68
53,69
71,70
48,71
73,71
48,68
75,70
49,69
77,67
52,69
68,68
53,68
66,68
48,68
70,74
52,74
76,73
57,70
69,71
53,72
77,73
48,75
78,68
44,64
75,76
51,68
79,69
49,68
71,68
54,69
68,71
53,68
69,69
53,68
70,70
52,69
70,70
51,68
70,71
48,71
72,69
46,70
68,70
47,67
75,70
54,65
75,71
50,69
69,71
42,67
69,66
53,68
75,69
57,68
75,72
51,68
75,69
50,72
74,72
53,66
75,70
56,70
71,70
51,67
73,67
58,65
80,71
50,68
79,73
55,69
73,71
57,71
72,71
60,71
74,71
54,72
76,72
52,66
74,70
61,68
82,72
54,69
76,73
56,70
76,73
53,70
77,69
58,67
78,70
56,70
78,70
58,69
77,70
56,70
81,72
51,68
74,66
56,66
78,69
55,66
72,67
53,68
73,67
55,70
76,70
57,67
78,68
54,73
75,69
62,69
79,69
51,65
73,72
52,69
69,70
49,65
74,68
58,64
75,68
57,66
80,66
57,67
77,67
58,69
76,69
61,68
80,68
58,68
76,69
64,69
79,69
53,67
70,65
54,65
76,67
59,67
72,67
47,67
72,67
35,70
74,73
47,75
81,75
47,76
75,79
63,80
76,72
53,67
81,74
53,70
77,75
56,70
97,73
63,72
90,83
62,75
88,85
61,73
78,86
62,80
83,83
64,74
83,82
57,78
83,88
62,79
89,83
62,78
79,85
62,73
81,87
63,78
57,80
81,84
81,84
67,75
90,82
65,79
83,79
63,77
87,83
60,76
87,81
63,78
83,81
63,77
83,81
59,77
78,77
60,77
86,79
62,77
87,79
65,78
83,77
65,76
82,78
59,78
84,79
63,74
61,78
87,81
62,80
85,78
67,78
86,80
82,83
62,76
59,77
84,81
90,80
58,76
87,78
63,73
60,76
85,80
59,76
83,84
58,73
77,80
90,80
58,72
81,81
60,77
87,83
60,79
85,86
63,77
85,82
59,81
90,82
62,74
86,81
63,77
84,78
61,78
91,81
58,77
87,79
64,75
88,81
59,83
82,82
61,79
85,81
57,76
83,81
58,82
84,82
58,82
82,82
54,75
79,78
56,74
82,78
50,74
84,83
57,77
85,83
57,78
84,81
57,79
78,80
56,80
83,83
50,73
86,79
51,75
89,82
53,76
83,84
56,76
81,83
54,78
80,84
56,78
83,84
52,75
86,81
55,76
82,81
50,74
79,84
58,75
84,80
55,74
81,77
51,73
81,80
51,79
82,78
56,75
84,79
53,80
81,80
55,79
83,82
57,77
84,83
52,78
101,86
96,78
55,72
89,78
55,73
84,80
53,78
91,87
55,74
84,81
54,74
81,81
55,75
89,84
56,77
89,83
54,76
86,82
56,76
85,80
51,77
83,84
59,77
89,84
59,74
88,82
59,77
88,76
57,77
90,81
55,77
85,84
55,73
81,80
49,75
89,81
55,75
86,83
52,75
86,84
54,73
85,81
49,79
87,84
51,71
88,82
54,77
80,81
51,69
86,81
54,74
80,82
52,74
79,83
54,75
75,81
54,74
76,77
49,77
78,86
50,77
82,81
51,76
80,81
54,73
78,79
48,75
75,82
49,75
80,82
52,75
83,84
55,72
79,79
50,75
79,79
50,76
75,76
51,77
83,82
52,77
78,82
50,76
79,78
49,68
79,81
46,72
78,77
48,75
74,83
53,75
80,83
51,77
75,81
46,72
76,80
52,76
79,80
52,75
81,78
48,76
72,78
52,77
75,77
56,78
76,78
47,77
79,80
50,75
73,74
47,78
68,82
50,76
77,80
49,80
80,80
51,77
75,81
48,73
76,79
46,72
78,80
50,77
78,78
50,73
78,79
49,74
76,82
50,78
75,82
55,76
75,79
55,79
78,78
55,77
87,81
56,79
78,82
65,82
85,84
51,70
82,82
47,73
78,82
56,78
72,81
49,77
78,81
48,76
80,78
48,74
77,80
56,76
79,82
50,81
77,83
47,78
77,79
50,76
75,78
43,77
80,82
48,78
75,78
49,74
76,79
45,73
77,77
38,74
73,76
43,75
75,76
34,79
70,78
37,78
66,80
45,77
64,77
48,76
63,76
42,75
65,75
46,74
69,74
42,74
69,76
47,77
65,77
47,79
63,79
44,75
64,76
43,78
64,80
45,80
70,79
46,76
72,79
44,78
72,78
43,75
70,76
49,76
69,76
44,75
71,75
46,76
70,77
45,77
78,82
40,73
76,78
42,75
73,80
43,75
71,79
47,74
71,79
49,76
76,79
46,75
84,79
46,76
71,80
43,77
75,77
42,73
71,78
39,75
74,78
45,74
73,78
37,75
69,75
37,74
67,74
40,71
77,76
45,73
73,75
46,74
66,77
43,78
70,80
44,80
71,84
46,83
68,79
44,78
65,79
43,79
72,74
43,74
72,79
41,73
75,81
40,73
78,83
43,76
74,78
45,78
77,82
40,75
82,76
47,75
78,80
45,73
70,77
44,77
70,81
43,77
79,80
41,75
70,77
42,72
66,78
45,77
71,76
42,75
68,77
43,75
66,76
37,79
65,75
36,72
71,76
44,75
74,78
38,77
63,75
41,75
63,77
39,78
66,74
40,78
67,74
39,74
73,71
41,74
71,75
40,76
66,74
37,72
63,75
38,75
67,78
44,74
67,73
39,71
64,72
41,74
71,77
36,74
68,77
37,69
70,77
39,73
70,76
37,74
73,80
42,72
68,78
40,75
71,78
40,74
67,75
42,71
68,79
34,76
67,76
41,72
69,78
45,75
66,75
39,75
66,74
41,71
70,78
38,74
66,76
41,76
66,75
43,75
63,76
38,75
66,75
41,74
66,74
37,74
63,76
41,72
70,73
47,73
67,75
41,75
63,75
41,74
67,72
45,73
66,78
40,76
72,79
40,74
67,77
39,73
71,78
42,76
72,78
37,76
77,80
39,74
65,78
44,74
71,78
45,75
66,75
41,75
66,76
41,74
67,79
48,75
70,75
42,75
70,77
41,78
68,78
49,75
69,75
48,75
71,75
50,72
75,75
49,75
66,77
52,76
74,81
45,75
69,78
46,77
72,80
47,75
72,75
47,75
60,78
40,78
68,78
46,75
74,79
46,73
74,79
45,78
79,79
44,75
71,79
50,76
80,77
48,73
74,77
43,73
75,79
43,76
69,80
46,76
72,78
50,74
74,76
47,75
71,77
49,74
76,78
44,75
77,81
46,77
68,77
45,77
75,80
45,79
68,80
47,78
68,78
46,77
71,77
55,77
71,79
48,77
83,78
41,73
74,79
40,74
82,79
47,72
70,73
46,72
72,79
51,77
77,79
46,74
68,76
50,72
76,76
43,76
75,76
51,75
76,79
47,74
75,75
45,74
74,74
43,75
77,81
47,73
78,77
42,74
81,81
49,77
76,79
44,74
76,79
49,76
74,77
45,73
84,82
49,77
73,75
46,72
79,77
39,70
75,80
46,78
78,78
46,77
75,77
46,73
77,77
50,73
79,74
50,72
72,77
46,73
70,76
46,74
69,74
50,75
70,78
47,76
74,77
53,75
73,76
57,71
78,74
54,74
76,77
56,77
77,79
57,77
75,77
59,73
82,77
56,71
74,78
60,76
78,77
60,75
76,77
54,73
79,76
64,75
78,80
63,78
76,80
59,78
77,80
60,79
73,77
55,77
83,79
60,76
79,77
58,78
77,79
51,74
72,77
57,76
75,76
58,76
80,77
61,74
75,74
57,73
100,77
63,73
85,78
56,71
79,79
56,72
81,81
53,76
76,79
57,78
77,78
59,74
80,79
52,76
74,80
59,75
78,76
48,74
74,76
52,74
82,80
60,80
77,80
59,75
74,77
58,76
75,76
61,75
77,76
57,76
74,78
48,75
71,76
46,73
75,73
61,76
79,81
41,77
72,80
53,78
65,81
54,76
78,79
53,73
77,77
58,75
77,80
59,77
76,78
58,77
80,80
58,75
77,77
61,75
78,78
61,76
76,77
56,79
73,79
55,75
73,77
55,75
74,77
54,75
85,79
57,77
80,79
51,80
86,82
61,82
76,82
58,75
84,81
48,78
75,80
53,79
76,79
53,76
81,77
56,78
75,81
54,81
79,80
58,79
82,81
55,79
82,79
62,79
78,79
56,79
76,79
54,76
82,78
61,78
78,78
60,78
90,77
64,78
78,78
62,79
78,79
60,79
81,80
61,82
80,80
64,79
81,79
66,79
82,79
69,79
81,78
54,75
79,75
58,75
80,77
61,77
80,77
56,77
76,77
58,78
78,79
59,79
80,80
58,74
81,79
60,76
79,78
61,75
80,81
62,76
79,80
60,79
80,79
59,78
79,78
51,73
82,81
57,77
78,81
57,73
81,80
58,75
85,79
55,75
76,77
56,73
85,76
56,71
84,79
61,72
79,78
57,77
81,80
53,78
77,79
58,74
81,79
64,77
83,82
62,78
82,79
63,78
77,77
61,76
77,79
60,76
76,76
68,77
86,77
70,79
87,81
61,73
77,79
64,76
80,81
65,77
76,77
63,76
83,78
63,74
80,76
65,74
83,78
60,77
78,77
64,77
79,77
60,77
89,73
71,76
85,78
57,73
81,81
62,76
84,83
61,78
81,80
62,81
88,80
66,78
81,81
69,77
79,78
63,76
89,81
70,79
86,80
68,77
22,30
33,33
27,36
34,37
29,31
31,36
29,32
36,32
29,28
32,28
30,30
29,32
21,32
34,33
29,31
35,34
33,31
35,34
36,30
33,36
37,34
33,36
25,33
38,37
31,34
33,37
29,33
37,34
29,34
36,34
30,31
36,31
30,32
35,32
32,33
35,34
27,32
33,33
28,32
32,32
27,33
44,34
28,29
43,33
32,29
42,29
31,31
39,32
29,31
38,31
31,31
40,32
31,32
38,32
29,33
37,33
33,32
42,32
32,32
38,33
32,33
0,38
23,29
38,34
31,33
36,33
29,33
40,33
27,32
41,32
27,30
31,26
23,39
32,40
30,37
30,32
29,31
32,39
30,35
41,34
31,35
41,37
29,34
38,34
31,33
36,33
29,36
36,34
32,35
36,36
29,35
35,35
27,35
37,33
28,37
36,35
31,36
35,36
26,32
34,34
27,32
33,34
26,33
33,34
28,33
35,34
24,34
31,35
25,35
31,37
27,37
34,35
29,34
40,33
28,35
42,35
30,33
40,33
28,34
45,34
31,35
47,36
36,36
48,35
36,34
46,31
38,39
46,34
36,37
49,34
33,33
46,33
37,34
50,35
40,35
48,37
35,34
10,37
47,31
35,32
32,32
45,34
31,33
43,33
33,30
43,34
29,34
41,33
28,33
43,35
30,35
37,36
28,35
36,35
29,38
40,36
31,36
36,35
30,34
40,35
26,32
38,33
26,34
36,34
29,33
39,36
28,36
36,36
26,36
35,36
30,32
30,41
40,33
30,36
34,32
33,33
31,34
27,35
30,35
32,36
27,35
33,37
25,37
32,39
30,34
35,31
34,33
34,32
24,34
33,34
28,37
34,33
32,32
32,32
27,34
38,34
28,33
35,33
30,31
41,36
33,36
38,37
38,37
38,35
38,35
38,31
39,32
42,36
40,34
42,35
42,33
42,33
42,33
39,30
45,36
40,31
42,34
42,34
42,34
30,35
38,31
35,33
37,35
30,32
34,30
33,33
33,33
31,30
33,31
33,31
33,31
33,31
39,33
35,33
35,32
35,33
35,33
35,33
35,33
35,33
35,33
37,31
32,32
32,34
32,34
37,30
37,31
37,31
37,31
37,32
37,32
37,32
37,33
37,33
37,31
37,31
37,31
37,31
37,31
37,31
37,31
37,31
32,33
40,29
31,35
40,34
29,33
36,35
28,32
38,35
30,32
39,35
33,34
36,33
27,33
29,33
30,33
34,33
47,33
36,33
46,33
31,35
51,32
33,32
51,32
37,33
50,31
38,35
52,28
39,35
51,34
30,32
42,34
35,35
42,31
24,33
38,28
22,34
32,34
25,35
31,30
22,36
35,31
18,38
36,32
21,32
33,31
24,32
41,31
32,32
34,33
30,36
30,36
26,34
32,33
30,33
32,32
34,37
33,37
33,41
32,42
34,41
35,37
32,43
32,40
24,35
33,33
33,35
33,37
25,35
30,38
30,34
29,38
30,36
36,34
30,34
30,37
30,36
34,36
30,36
30,34
35,48
45,58
47,54
51,59
51,55
53,63
51,53
50,62
50,51
50,62
50,55
51,63
53,53
53,59
53,52
54,60
54,49
52,59
52,52
52,57
51,51
50,64
50,52
50,60
49,54
49,58
50,49
50,57
50,53
50,58
50,58
49,58
50,57
47,60
49,61
50,62
48,61
44,56
47,50
50,56
45,56
47,56
50,52
49,59
49,56
45,59
50,59
50,59
49,48
49,57
48,48
51,57
51,57
45,51
50,58
46,50
46,50
54,58
47,45
50,57
49,53
53,64
50,59
54,57
45,47
51,58
50,58
54,57
48,57
53,59
50,61
50,56
46,58
51,57
45,60
51,59
42,56
49,59
46,57
51,59
45,57
51,57
45,57
52,58
42,43
46,55
47,57
47,57
50,57
46,62
51,55
48,59
51,55
47,59
48,57
47,61
58,66
52,57
52,63
49,54
48,58
48,55
51,60
46,59
51,59
48,58
57,64
53,50
43,50
51,51
49,51
46,51
50,51
44,45
56,64
48,52
47,51
46,52
55,58
49,48
44,46
45,50
49,54
43,46
48,54
41,52
49,50
46,48
50,52
47,48
47,48
45,48
45,49
45,49
45,49
45,49
46,48
46,48
46,48
46,47
46,47
46,50
46,46
46,46
46,47
46,47
46,47
46,47
46,47
46,47
46,47
46,47
46,47
46,47
46,47
46,47
46,47
46,47
46,47
46,47
46,47
46,47
46,47
46,47
46,47
46,51
48,45
48,48
44,49
49,48
49,48
49,48
49,48
46,47
49,47
46,44
49,48
46,47
47,49
46,47
49,48
48,46
48,51
46,47
47,46
46,44
47,47
47,47
48,48
47,47
50,55
49,49
49,52
49,51
49,50
49,50
48,50
47,51
48,50
44,48
49,50
45,48
45,49
49,55
47,49
49,59
49,55
51,57
49,54
47,58
47,50
52,60
47,53
53,59
48,49
58,61
54,52
54,59
52,57
53,63
51,56
56,60
47,54
58,59
44,53
54,57
40,50
56,54
40,47
55,52
42,47
61,54
43,47
58,59
58,54
54,53
55,53
53,58
53,58
47,51
31,43
49,53
35,46
47,52
32,48
47,53
37,50
46,49
44,48
37,48
48,50
41,49
41,53
42,43
44,49
44,48
46,54
41,52
47,52
45,51
48,50
47,44
46,54
47,48
52,51
45,50
48,49
45,49
46,50
43,48
51,50
49,44
51,50
45,44
53,53
44,44
47,52
44,46
49,54
46,49
50,55
44,45
50,51
47,46
44,49
44,39
43,45
37,48
37,48
38,47
39,47
39,47
40,47
40,48
40,48
40,45
37,46
39,47
40,45
39,45
52,64
49,54
44,44
40,43
44,46
42,42
43,47
38,46
43,44
40,44
39,44
39,45
39,45
34,45
37,42
38,43
39,44
33,38
37,45
37,45
41,48
46,38
45,41
40,42
39,43
40,40
42,43
39,40
44,44
41,42
42,42
42,41
49,59
46,50
46,53
44,42
42,57
40,43
43,56
42,42
42,52
43,43
45,58
43,51
45,56
46,48
46,59
47,46
45,44
40,44
38,41
36,42
36,45
36,44
36,44
40,40
38,42
38,42
41,43
41,46
41,46
41,46
42,45
43,41
39,41
39,45
41,45
39,47
41,41
43,46
43,44
45,41
43,43
42,45
39,44
40,44
37,42
42,41
39,41
43,48
42,42
40,43
41,48
44,44
40,47
43,43
40,48
40,46
47,40
44,49
44,49
41,47
42,44
44,47
42,48
43,45
44,53
42,41
41,48
41,43
41,45
43,49
43,43
47,46
47,46
47,46
42,46
45,40
39,43
44,43
39,43
39,44
43,49
44,47
49,41
50,51
45,43
48,46
48,46
47,46
45,46
44,41
44,44
46,41
43,45
47,42
45,44
44,40
42,41
42,41
39,47
45,44
43,44
35,37
39,40
42,40
45,43
45,43
32,38
43,46
45,46
45,48
48,45
47,50
49,49
46,56
48,50
48,55
48,48
49,52
50,49
50,54
52,54
46,62
47,49
46,51
52,51
50,53
50,53
45,51
51,49
46,55
49,50
48,51
51,50
49,52
50,45
44,47
48,47
42,45
36,38
40,45
48,42
49,40
40,38
47,40
37,41
40,41
42,43
45,46
41,47
51,44
48,45
42,44
48,44
41,48
50,42
32,39
36,42
39,44
43,43
46,43
47,39
40,41
43,45
49,47
45,44
46,44
38,42
45,45
47,43
40,44
36,42
46,47
50,42
42,45
51,44
44,45
44,45
47,43
49,45
46,45
49,45
40,42
47,44
44,45
47,46
41,45
48,45
44,45
51,44
43,44
48,44
42,46
45,47
38,47
43,44
36,40
48,42
39,41
39,44
48,44
49,42
38,38
50,47
37,39
48,42
50,46
39,40
34,42
48,42
40,43
48,44
37,43
45,43
40,43
49,44
40,42
41,44
40,45
52,45
42,47
51,46
44,43
55,44
39,45
52,45
38,41
50,41
39,41
49,43
43,42
49,41
33,43
38,41
55,39
50,43
36,42
50,44
38,45
38,45
38,40
45,39
34,48
46,48
46,43
38,42
51,40
32,41
35,41
45,42
36,40
36,39
48,43
37,36
39,42
40,40
50,42
35,37
43,37
47,39
48,43
42,41
50,45
43,44
48,52
49,46
49,46
41,45
46,41
48,40
43,43
48,45
43,40
44,44
39,43
46,46
43,43
42,39
42,47
45,41
40,41
41,42
40,44
45,44
44,45
47,45
48,50
45,47
45,47
45,47
43,51
47,41
46,50
46,46
40,44
43,47
48,47
48,47
48,47
42,43
47,47
42,43
45,47
40,44
46,47
41,45
48,46
41,44
41,44
35,37
44,44
38,39
51,49
45,45
45,44
42,44
42,41
44,44
44,44
41,43
40,43
49,47
37,36
51,42
40,44
42,44
45,41
44,49
38,43
40,38
41,42
48,39
43,42
43,42
36,47
37,38
39,46
41,41
40,40
43,46
41,46
38,39
43,41
42,41
41,44
39,44
43,53
45,55
51,53
48,49
49,59
49,48
49,54
52,52
48,56
57,59
47,57
53,50
43,52
54,53
48,56
54,45
46,55
51,50
44,63
55,56
44,50
53,42
47,50
54,46
43,50
50,51
47,55
47,46
47,52
50,53
46,53
46,46
53,66
56,55
48,55
51,54
47,54
51,53
51,54
53,47
49,58
53,49
45,55
50,46
45,54
50,43
50,54
50,47
48,54
54,49
47,54
48,49
49,57
48,52
49,44
50,52
53,58
51,60
53,56
53,58
48,46
45,60
53,51
49,52
53,53
48,53
51,57
47,55
48,51
48,58
50,48
49,52
49,57
54,47
52,53
53,49
45,51
50,45
43,55
49,56
54,55
75,101
52,61
56,61
46,58
48,50
48,64
54,60
51,60
55,61
51,60
51,48
53,61
50,58
54,64
56,53
53,68
56,59
51,63
53,55
48,60
49,49
46,57
52,53
51,59
51,59
47,59
53,56
44,52
48,57
45,55
47,57
52,50
47,57
50,58
45,56
50,57
51,57
44,57
51,51
45,65
52,47
48,50
51,49
48,52
49,50
43,54
49,54
50,48
42,53
46,56
40,57
49,56
41,56
49,55
39,54
47,53
45,49
44,53
41,49
45,52
42,50
62,55
39,50
47,50
47,55
47,47
42,51
48,51
42,51
53,49
40,49
51,51
40,46
45,49
49,46
45,46
43,47
43,57
46,47
44,55
47,52
42,48
47,50
40,52
46,49
40,49
49,47
40,49
53,49
48,45
38,46
45,49
49,46
48,46
50,45
50,46
40,48
49,48
45,48
49,49
46,54
46,49
49,47
52,52
47,51
52,53
46,53
45,52
45,55
48,47
49,55
52,50
45,57
51,51
48,56
48,44
49,55
49,50
49,53
50,47
42,52
50,50
48,57
48,49
48,56
49,45
45,55
49,49
48,54
46,49
45,59
49,50
46,58
51,47
46,54
50,50
47,59
47,49
47,56
53,52
47,59
55,54
54,62
51,56
57,67
59,57
52,68
56,58
46,53
52,46
58,69
58,61
56,61
53,59
55,66
82,76
54,70
80,76
57,70
57,73
79,77
56,82
79,82
62,90
77,81
61,87
82,82
61,88
81,85
64,89
78,81
74,80
61,87
82,81
62,90
79,82
59,88
85,86
64,89
82,83
61,89
80,84
54,70
101,123
63,87
84,81
64,89
85,81
61,84
82,84
65,89
81,80
64,86
81,80
64,87
84,79
64,87
83,80
65,87
81,81
62,86
83,81
64,86
81,80
64,84
81,80
64,86
84,81
65,86
83,79
50,72
63,85
85,78
63,87
84,81
64,85
84,82
64,85
86,85
66,88
80,79
71,73
65,87
81,81
65,88
83,84
64,86
84,82
68,88
83,83
69,75
67,89
81,83
66,89
80,82
67,87
82,82
65,85
80,82
64,87
84,83
50,70
64,87
81,81
62,86
81,82
64,87
81,80
64,89
83,80
64,87
79,78
47,69
65,86
85,79
66,89
83,82
63,86
82,79
65,90
82,81
69,73
65,88
83,82
66,88
83,82
66,87
79,81
68,87
81,80
65,88
85,82
64,87
81,81
64,88
83,83
64,87
86,84
63,87
81,78
64,90
83,82
54,69
64,87
80,82
66,90
85,85
66,90
82,85
63,88
84,86
66,90
86,85
66,95
83,83
63,91
83,83
62,89
86,83
65,89
85,79
63,91
86,83
66,92
86,83
67,91
86,84
67,89
85,81
67,86
82,80
63,87
81,81
66,91
81,83
66,89
81,80
65,85
84,81
63,83
84,76
87,79
85,72
58,75
87,75
56,73
86,73
58,67
81,74
62,72
82,70
61,70
79,75
58,69
79,74
59,69
76,75
58,69
79,73
81,78
58,70
59,67
78,72
57,67
81,75
83,75
55,69
72,76
57,72
78,74
57,68
77,73
56,69
81,73
55,69
79,74
78,73
56,65
49,70
79,74
55,67
81,75
58,66
82,77
56,67
79,74
55,65
85,76
59,69
83,75
58,66
84,78
61,68
87,74
56,67
77,74
54,66
60,71
80,76
79,73
57,69
78,76
59,70
57,70
81,74
85,76
56,66
59,68
80,74
100,125
55,71
77,75
77,74
57,71
79,74
58,71
89,73
64,63
93,67
68,56
51,71
100,72
70,59
95,74
71,57
92,76
73,64
99,75
74,58
96,74
74,61
96,74
73,61
96,73
76,59
75,62
100,72
76,61
95,76
72,61
92,72
70,64
93,76
76,60
94,74
75,65
93,76
75,65
93,75
71,64
94,73
71,62
93,74
72,62
96,77
72,62
93,77
71,60
91,72
71,62
47,67
91,76
72,65
94,75
76,62
97,76
75,64
95,75
76,60
94,71
78,62
69,77
93,73
77,65
93,72
78,62
95,73
78,63
94,77
78,61
93,76
79,65
48,71
96,75
78,64
95,75
79,67
93,73
78,65
95,72
74,62
93,72
76,61
71,78
97,72
79,63
97,76
75,62
92,72
76,63
95,74
75,64
96,71
75,63
47,71
51,69
98,74
76,62
96,72
77,64
95,74
78,65
120,113
76,60
98,74
77,65
70,79
96,76
75,65
99,78
78,62
46,71
98,75
78,66
100,75
72,61
100,74
75,64
49,71
97,71
76,64
96,73
76,59
95,75
76,62
98,75
74,60
99,73
77,65
71,77
96,72
76,61
97,76
76,61
98,74
75,62
50,71
125,124
73,61
93,70
76,61
98,75
75,60
93,74
74,61
71,73
126,125
75,65
96,73
77,62
97,76
78,60
98,69
66,55
46,72
100,72
65,64
57,67
70,76
54,68
86,72
56,67
81,70
59,67
80,72
80,76
55,67
50,72
81,72
57,68
79,77
58,69
59,70
80,72
80,71
57,65
60,71
81,75
69,75
98,119
59,71
78,75
79,74
57,68
81,75
57,67
59,66
78,72
57,68
79,73
77,74
59,66
84,77
57,69
79,77
55,68
83,74
56,69
60,69
83,74
78,75
55,67
80,74
55,68
81,74
57,70
59,69
79,74
79,74
58,68
79,73
58,69
78,74
59,67
80,76
58,70
56,69
74,72
59,72
81,71
53,68
83,72
78,73
56,69
60,71
79,74
80,76
57,68
55,69
82,76
80,76
56,68
79,78
56,70
50,71
78,75
58,71
81,74
55,65
76,73
55,67
79,74
53,67
76,76
55,66
71,74
76,70
54,66
55,67
76,71
50,70
82,72
47,71
61,78
85,71
78,69
53,63
77,70
55,64
80,69
58,70
80,72
53,63
71,77
56,71
77,73
56,65
78,71
53,68
79,72
55,62
82,72
57,64
84,73
56,62
72,79
81,68
49,63
51,65
77,67
81,76
55,65
55,67
80,70
50,70
77,71
46,71
120,117
126,118
120,126
114,101
113,102
112,107
79,84
96,95
65,79
97,90
74,85
94,92
75,86
99,96
69,85
102,91
65,82
96,85
66,78
107,91
68,79
102,82
70,77
99,83
65,72
90,82
65,74
90,82
64,81
90,81
64,85
88,81
65,82
88,84
59,79
92,82
68,85
68,85
88,80
66,83
85,78
67,82
105,120
83,75
66,83
81,77
63,80
84,77
67,80
83,76
61,79
78,74
66,77
86,80
72,79
86,73
64,77
81,75
67,78
79,73
64,75
80,65
63,72
77,67
64,73
79,68
59,70
76,64
56,62
49,70
51,63
72,55
55,62
72,54
58,65
70,59
57,67
73,61
57,66
74,75
70,64
56,67
71,61
58,63
75,64
59,65
74,63
63,64
77,60
58,69
70,59
60,67
72,62
55,69
71,61
59,68
70,62
60,66
69,62
60,65
69,61
56,69
70,64
59,69
69,65
59,65
71,64
55,67
72,63
57,61
52,71
69,58
53,66
70,62
52,63
69,60
54,64
73,60
52,65
70,61
53,69
71,74
64,59
55,68
68,62
53,66
65,61
52,67
70,61
55,70
67,66
58,65
51,75
67,66
54,65
69,66
54,67
68,61
53,65
67,66
57,68
72,67
56,70
71,78
57,68
67,58
59,68
66,61
56,69
66,61
58,69
66,63
55,69
65,60
54,69
65,65
51,67
67,63
55,70
67,65
54,69
70,65
55,67
68,64
68,67
52,66
58,67
67,64
69,67
51,66
67,65
51,65
70,67
51,66
54,67
67,64
71,66
53,66
54,65
72,63
52,68
69,65
51,67
71,62
52,69
68,63
72,67
51,65
54,65
68,64
54,67
68,62
66,65
49,72
56,68
55,66
68,65
53,66
66,63
56,69
66,60
70,66
53,67
54,68
71,73
64,61
68,65
55,66
68,66
53,64
68,64
55,65
68,66
57,66
69,64
55,66
71,66
56,66
68,66
58,66
57,68
69,62
55,67
64,63
57,67
66,60
55,67
68,62
67,66
57,65
55,65
66,62
58,67
66,65
57,68
51,70
69,65
54,67
66,62
58,70
69,65
57,67
68,64
56,69
69,62
53,66
66,73
79,76
66,64
55,66
66,65
55,66
63,64
68,65
52,66
57,67
67,63
56,67
66,62
76,65
64,64
84,65
69,65
84,68
69,66
84,68
74,67
89,68
71,67
84,67
72,67
82,66
71,65
82,66
71,65
80,66
66,63
80,63
46,69
67,65
83,67
69,67
84,67
69,68
82,64
66,65
81,65
68,66
81,68
69,74
74,66
80,67
72,65
82,68
69,67
80,67
72,67
71,67
80,66
70,70
80,64
80,70
69,69
83,67
71,66
82,67
67,67
80,66
67,67
68,67
81,67
69,67
82,66
71,70
87,65
73,66
85,64
76,66
88,62
77,68
86,65
76,68
87,64
77,69
87,64
75,69
86,64
74,66
86,63
77,66
88,61
72,68
86,63
75,67
86,63
70,70
89,65
71,67
87,64
77,67
91,63
78,64
90,62
74,66
89,63
72,66
88,64
76,67
56,67
85,64
76,68
81,63
71,66
85,65
74,65
87,66
72,69
86,61
75,68
86,65
75,68
85,65
73,65
75,64
68,67
80,65
72,67
81,65
70,65
82,65
69,67
82,65
69,67
83,64
68,67
81,64
71,66
50,68
87,63
77,65
88,64
79,68
87,64
75,66
84,62
73,68
87,64
77,68
68,75
85,64
74,66
85,64
84,68
76,66
79,65
86,66
74,66
88,64
78,66
84,62
77,65
83,64
76,67
88,66
75,68
87,64
76,67
86,61
75,65
83,60
75,66
85,63
74,67
88,61
73,64
84,55
61,59
79,53
52,56
48,71
82,48
55,66
53,78
69,94
59,64
69,74
64,62
81,50
69,63
82,51
68,66
80,58
66,62
82,59
68,67
49,71
80,61
67,64
80,59
66,65
85,63
65,67
80,61
69,67
87,60
67,60
73,76
82,62
65,62
81,57
66,62
82,58
62,62
79,55
67,64
78,57
63,59
48,73
78,58
64,64
80,59
68,64
82,59
64,66
81,59
64,62
81,60
67,62
69,74
79,55
65,62
82,58
65,62
83,59
64,62
80,59
65,63
80,57
64,62
79,57
65,64
77,60
65,62
80,57
61,61
84,61
65,63
81,60
67,65
80,62
66,63
81,60
65,62
78,57
64,62
80,59
63,64
76,56
63,62
51,72
82,58
64,63
79,56
62,64
78,59
60,65
77,53
65,64
79,60
63,64
71,74
81,60
65,64
79,57
68,65
78,55
61,62
81,58
63,64
80,58
63,64
79,57
59,67
81,56
61,62
77,57
64,66
79,57
65,64
78,54
66,61
78,60
65,65
81,59
59,62
78,57
63,64
80,59
58,63
78,55
62,63
81,57
62,65
75,55
63,63
81,57
66,64
78,55
65,64
79,82
79,56
66,63
79,60
69,63
79,55
67,61
84,58
66,63
80,57
68,62
48,72
81,55
62,67
78,56
65,63
77,55
69,62
83,54
65,63
79,57
62,63
70,74
78,58
64,62
76,58
64,63
77,54
65,63
78,55
65,60
80,59
64,62
49,70
80,57
63,63
82,57
68,65
76,58
64,63
83,58
67,65
80,60
64,64
72,77
80,57
64,64
79,57
63,67
78,53
58,61
81,54
69,77
71,74
72,79
61,62
84,56
66,59
82,59
67,60
47,69
80,62
70,63
87,56
67,67
86,58
66,68
86,61
88,62
64,66
67,64
48,68
87,60
63,65
86,62
66,64
86,63
66,65
83,65
81,62
67,61
66,65
73,76
85,63
67,66
82,62
68,66
83,59
69,67
85,56
72,65
85,59
68,65
51,70
83,62
70,67
83,61
63,65
82,58
68,66
86,62
86,66
70,66
69,66
72,73
54,70
82,62
68,66
83,62
83,62
68,65
88,63
71,65
70,65
84,58
87,65
46,71
68,63
68,63
81,61
67,64
85,59
82,64
67,63
86,63
65,64
67,61
70,75
86,62
72,65
87,61
67,64
83,59
68,64
86,60
84,63
64,64
82,61
52,68
68,67
68,63
85,61
66,63
83,57
69,62
85,60
70,65
82,61
68,65
70,75
85,60
68,64
83,59
66,63
89,60
67,62
83,57
69,63
86,58
68,64
49,69
85,63
69,65
88,62
67,66
89,59
69,66
87,62
85,64
67,64
90,63
73,77
67,65
67,64
84,66
70,68
85,65
69,65
85,63
83,64
67,62
71,65
49,72
82,61
69,60
85,61
87,63
66,67
60,64
69,57
53,66
71,61
56,67
75,76
70,64
56,67
69,61
55,67
67,61
56,67
69,64
55,67
68,63
54,65
52,71
66,64
50,66
68,57
54,79
52,71
52,65
70,72
72,53
53,63
69,61
56,66
66,63
56,69
69,64
56,68
67,61
56,66
51,69
68,66
54,67
70,64
53,69
67,64
54,67
68,65
54,69
68,62
61,69
70,71
70,63
52,67
66,62
58,67
68,65
53,69
66,64
54,69
66,64
58,69
64,65
56,68
67,66
57,70
71,64
54,66
67,59
54,68
71,67
55,68
68,64
54,67
72,64
52,65
70,62
56,66
67,65
59,68
68,61
54,66
49,72
70,65
52,68
68,65
55,67
66,63
55,70
72,66
55,68
69,63
54,66
70,76
68,64
55,69
67,64
61,68
69,67
58,67
66,65
53,67
66,64
57,63
53,73
69,64
55,69
66,65
59,70
68,67
57,66
72,66
59,69
71,65
55,68
72,79
67,67
59,69
70,63
55,68
69,63
57,68
68,65
55,69
50,71
73,64
56,67
71,64
56,67
70,64
55,69
69,66
70,66
58,65
55,68
74,74
71,66
57,69
70,66
55,68
70,63
55,66
68,63
56,69
67,64
54,68
50,70
70,64
56,67
70,64
58,66
67,63
55,68
69,66
56,66
66,65
56,65
72,78
67,59
57,69
69,66
56,69
70,67
56,67
70,62
57,65
71,64
54,68
46,71
68,66
54,67
67,64
59,64
69,66
57,66
70,65
58,65
72,61
55,66
69,77
72,66
56,66
70,65
54,67
72,65
53,67
70,65
54,63
69,65
58,67
48,71
70,64
54,66
68,62
53,70
65,64
53,71
66,64
53,72
62,64
48,69
72,75
61,62
49,70
64,63
50,71
64,66
51,70
60,65
48,70
61,63
50,72
55,72
61,64
45,76
56,64
43,73
53,63
48,73
54,66
42,72
54,63
46,70
67,72
55,66
43,72
58,64
47,73
55,63
46,72
57,65
45,72
58,65
48,73
49,72
58,67
47,71
59,66
47,73
56,68
46,71
58,67
43,71
55,69
42,73
67,76
52,67
40,70
52,68
43,74
56,63
43,73
54,68
42,72
54,64
40,71
49,70
56,67
42,74
56,66
38,74
55,67
34,73
51,64
38,71
51,63
40,74
65,72
53,61
36,70
54,64
41,73
50,62
43,73
51,64
42,74
55,67
41,73
51,72
53,65
44,76
50,64
40,73
53,65
39,72
52,67
43,73
53,65
40,72
71,75
51,63
41,73
55,63
38,70
58,65
38,71
59,64
40,70
56,62
40,70
54,61
44,73
55,63
38,72
55,64
39,73
55,66
42,75
54,64
38,76
57,63
45,82
60,66
52,92
63,71
55,94
61,69
55,94
62,71
55,89
59,68
58,94
60,69
55,90
62,69
51,92
61,70
57,94
60,70
