Ponto_a,Ponto_b
25,41
48,45
38,46
33,41
29,42
35,44
28,39
23,37
55,32
32,37
33,38
31,37
30,39
28,37
30,34
30,36
54,40
55,48
29,38
32,39
58,39
33,37
28,35
33,38
30,37
23,31
28,35
28,35
57,45
59,47
25,34
26,40
52,33
26,38
58,44
27,37
27,40
24,40
54,35
35,42
32,41
32,41
57,40
27,40
27,43
26,41
27,41
28,37
28,39
29,39
28,42
27,41
29,38
29,39
30,41
30,38
57,48
31,39
24,34
24,34
17,37
50,44
21,37
54,46
34,38
60,39
29,39
29,38
53,33
29,32
52,33
29,33
54,32
30,34
55,35
30,36
55,38
25,35
48,39
24,34
50,38
46,38
53,38
21,38
46,37
22,37
21,36
48,31
23,41
49,35
19,34
21,34
46,32
23,38
48,33
21,34
31,34
54,40
24,34
53,39
29,33
54,36
31,37
29,34
26,32
53,40
57,50
28,35
31,34
52,41
29,38
54,40
31,34
32,34
33,35
32,37
30,38
27,31
29,29
56,33
35,33
29,32
54,28
35,34
32,35
58,31
28,29
51,29
29,35
30,35
34,39
57,30
32,34
60,32
31,35
50,35
33,34
54,33
32,36
25,33
53,34
29,36
29,36
51,38
33,38
53,36
26,36
53,33
27,36
26,34
29,37
30,35
31,31
53,46
27,32
51,34
28,36
54,45
28,34
51,41
29,36
30,33
52,42
31,36
47,37
29,33
46,34
28,29
50,35
52,42
23,34
26,32
54,45
27,34
51,46
26,34
57,48
29,32
29,33
59,42
64,47
27,34
58,47
29,34
57,47
30,35
55,44
27,34
59,44
31,34
56,44
30,30
32,37
60,41
32,32
32,34
32,34
60,45
31,33
31,33
60,42
29,32
30,32
63,45
30,35
29,34
64,44
29,32
29,31
61,44
32,31
35,31
30,30
60,41
29,31
58,38
26,28
28,27
62,50
57,56
53,55
51,49
45,40
44,47
44,43
52,55
49,42
23,34
46,43
30,39
47,49
47,43
24,37
47,43
48,49
24,44
23,40
44,41
47,49
31,35
70,78
65,72
74,88
71,81
64,71
65,76
66,76
64,84
71,79
64,75
56,66
63,75
67,82
64,72
35,38
33,43
33,36
36,40
31,38
36,28
49,44
29,39
30,36
44,34
31,35
42,45
28,33
44,41
42,41
33,33
50,42
32,32
48,43
29,31
52,40
29,32
49,39
27,32
32,27
46,33
28,30
46,37
43,38
28,32
47,44
23,32
32,30
43,42
47,45
26,32
48,41
29,33
42,42
20,32
45,45
29,34
31,37
54,38
28,32
47,34
42,42
28,34
28,34
42,35
23,46
34,40
33,40
32,44
32,41
35,42
42,40
29,43
28,42
38,37
34,44
29,39
38,40
32,40
27,46
26,45
24,46
30,49
48,45
34,38
40,36
44,43
36,30
44,42
41,34
34,34
35,35
36,37
54,64
45,40
47,47
41,43
43,40
34,37
37,42
46,36
47,38
36,42
43,38
29,40
43,36
35,37
42,43
40,35
36,38
43,36
37,40
39,35
37,43
41,35
34,41
39,34
39,36
40,39
43,33
37,39
43,34
41,43
37,43
39,42
37,46
40,34
41,37
35,42
39,37
39,40
39,31
36,45
40,33
37,43
39,36
33,45
38,35
39,41
39,37
57,67
43,47
39,43
42,39
40,44
40,33
38,38
34,36
38,42
35,39
41,42
40,41
39,37
35,48
35,31
38,40
37,40
41,45
41,45
41,43
36,41
38,41
36,46
39,43
36,41
40,42
41,43
39,35
39,46
39,44
34,40
36,40
39,43
33,39
38,40
38,41
36,31
38,41
37,30
36,39
36,34
36,40
35,33
38,43
43,35
39,45
39,35
38,41
38,35
39,45
36,42
40,35
36,45
39,36
38,44
40,34
36,46
36,42
39,31
36,39
40,31
38,39
37,32
38,40
32,39
36,35
33,42
35,32
35,41
37,33
35,44
36,38
36,41
32,39
37,43
36,30
35,38
38,29
34,39
35,32
36,43
36,41
36,35
36,41
35,41
39,30
31,39
37,34
37,31
35,39
39,46
38,34
39,44
37,39
44,35
39,36
47,36
35,35
51,35
50,37
37,35
49,36
33,35
50,36
35,34
49,33
33,32
47,36
38,32
45,37
36,37
37,37
34,37
38,32
31,40
39,33
37,39
39,33
34,41
39,32
37,40
41,37
35,39
33,32
37,38
34,32
32,39
34,31
35,41
36,32
32,41
41,34
33,38
33,36
36,43
42,33
33,40
37,34
34,39
37,37
31,41
38,35
32,37
37,31
33,37
38,31
32,42
35,38
30,44
36,35
31,40
37,34
35,40
39,33
33,37
35,36
32,44
38,33
36,39
40,32
36,37
37,33
33,38
39,33
37,41
38,34
30,38
38,33
30,39
36,37
35,39
36,31
33,40
38,34
37,40
50,34
39,37
49,35
38,39
48,37
42,40
44,34
38,37
47,34
37,39
50,34
39,37
47,34
39,39
46,34
40,39
45,36
36,36
40,38
28,39
40,32
27,41
38,34
25,40
36,33
24,41
36,33
29,46
33,37
34,36
36,35
36,35
30,41
35,35
39,31
31,38
41,37
41,34
34,39
32,42
36,37
34,41
41,36
37,39
41,33
38,36
28,39
30,38
29,39
39,35
29,40
38,39
29,40
40,33
27,42
43,36
24,40
45,37
33,37
39,34
28,37
38,41
28,37
35,34
31,31
38,30
37,38
33,38
35,39
37,30
31,39
27,43
27,43
28,43
33,35
34,38
38,33
31,41
44,35
35,37
39,32
36,37
35,40
38,38
39,39
38,39
43,32
39,36
41,34
35,41
39,40
29,40
41,29
31,38
33,38
34,36
36,41
36,37
40,40
44,39
37,39
41,37
36,39
45,35
35,37
41,36
40,35
36,38
44,38
37,37
39,36
48,36
34,35
45,36
32,41
39,37
38,34
42,48
37,34
39,34
39,33
37,33
47,47
47,47
41,35
46,49
41,34
44,36
40,44
35,39
56,39
36,39
54,39
36,36
54,39
35,39
58,37
36,41
49,38
36,34
38,36
35,43
37,44
52,37
38,36
56,36
38,37
38,41
37,41
63,82
56,71
65,86
46,62
43,50
37,50
33,32
42,52
37,32
51,77
61,87
57,79
56,79
43,50
31,31
38,49
32,49
41,37
41,42
39,46
41,46
36,49
34,45
47,42
36,43
43,44
40,39
34,43
34,43
35,42
38,36
34,45
30,41
37,35
33,40
38,36
32,39
33,36
32,37
32,41
34,36
37,39
35,37
34,41
34,37
35,42
37,41
33,44
37,38
35,37
39,36
33,39
35,35
32,47
37,36
36,42
41,30
37,38
38,38
38,39
37,32
31,40
36,33
34,36
35,33
37,44
37,35
39,40
38,29
38,42
37,34
28,36
36,35
32,37
33,33
32,37
34,33
36,39
36,36
33,37
35,36
31,36
36,31
35,41
35,35
34,40
34,38
34,37
34,37
32,40
35,34
30,37
33,34
32,34
37,35
32,40
33,34
33,41
35,34
32,37
33,34
33,36
33,36
30,37
33,34
27,37
34,36
33,39
35,32
34,37
31,30
34,36
31,33
35,37
31,33
34,36
34,31
35,38
34,31
37,34
38,36
31,33
35,36
33,37
33,33
33,38
36,35
33,36
38,33
35,36
36,37
35,38
36,38
34,37
34,31
34,38
35,33
36,38
34,37
33,37
32,34
32,41
30,34
35,41
31,34
30,33
33,35
37,38
34,34
31,41
33,30
33,43
31,33
35,40
34,29
34,31
34,44
32,40
32,36
32,38
32,32
32,37
33,35
34,40
37,37
35,40
32,41
32,40
34,39
34,43
33,43
37,35
33,39
36,35
34,38
37,36
31,39
37,38
33,42
38,39
34,42
36,39
29,39
34,39
33,39
37,37
36,40
41,35
37,38
37,39
36,39
39,36
37,37
40,36
37,39
39,34
34,38
31,40
40,36
35,41
37,32
37,42
37,41
36,42
33,35
33,36
37,39
37,39
33,35
42,51
33,42
39,42
36,39
43,38
37,41
37,37
39,37
34,43
44,41
39,47
46,46
36,46
46,40
38,47
44,45
39,40
31,44
36,48
39,46
39,46
35,38
36,40
36,40
39,41
33,37
39,38
35,43
38,44
36,38
37,42
37,40
35,36
37,38
37,38
33,45
41,39
38,38
36,39
38,42
41,40
36,42
36,42
32,40
37,42
39,41
38,40
38,42
38,38
36,43
39,42
39,42
39,40
36,39
38,36
38,38
37,39
36,39
36,39
36,39
37,37
37,41
34,36
35,37
35,37
31,38
33,35
34,40
35,37
34,41
37,37
32,40
37,40
37,40
38,32
38,41
51,37
51,37
39,35
48,39
35,39
49,40
35,37
50,37
35,36
47,43
37,41
45,39
35,39
41,42
35,38
36,41
36,40
40,40
42,37
40,42
37,38
37,40
36,37
34,37
46,60
30,34
40,56
31,39
42,45
66,59
59,55
52,50
68,61
66,60
60,60
53,51
73,64
68,62
59,57
53,51
50,47
50,46
73,63
64,60
48,48
60,55
72,62
50,47
59,59
53,53
69,65
45,47
48,53
56,57
54,53
66,64
45,50
53,49
53,49
78,78
43,47
57,55
54,51
80,86
45,47
56,57
50,51
53,53
33,37
51,50
56,61
44,48
57,58
48,49
48,46
93,89
46,57
56,55
39,44
84,78
47,55
55,49
48,54
44,46
49,44
84,89
44,42
55,51
45,51
87,85
40,45
42,52
50,46
89,102
46,45
46,50
51,54
40,41
40,52
49,50
39,45
44,46
48,48
36,48
45,50
47,46
48,49
36,43
28,33
44,49
46,42
52,58
29,44
44,48
48,43
42,52
44,49
48,46
31,45
62,46
51,50
46,54
41,47
52,48
30,43
39,49
62,48
48,45
42,45
45,48
36,42
65,53
46,46
39,38
43,42
64,53
38,45
63,59
35,42
41,49
62,53
39,44
41,43
40,46
56,51
50,48
38,45
38,49
52,54
46,57
45,51
53,53
30,42
45,60
43,44
41,50
55,56
47,58
51,58
53,49
62,55
41,55
57,52
44,54
57,53
41,57
57,58
45,59
64,58
44,57
30,37
64,55
45,53
66,58
46,56
54,57
30,39
42,46
46,46
42,54
42,54
63,58
45,56
46,56
48,56
47,58
47,59
46,57
61,59
44,59
47,58
52,57
41,55
54,51
51,52
51,52
51,43
53,48
53,48
53,44
41,46
52,44
51,49
54,50
53,52
53,49
51,50
58,50
52,52
57,46
52,52
39,62
59,50
53,48
55,48
48,51
53,54
54,50
70,44
53,48
45,43
58,46
59,49
53,50
57,50
48,51
56,53
49,49
59,55
49,49
59,55
42,62
49,44
45,51
60,50
51,50
58,51
27,36
63,60
51,53
70,61
51,57
67,65
45,47
47,50
48,52
60,62
50,57
58,68
45,62
63,70
36,58
65,72
51,63
37,58
69,80
35,62
64,82
29,62
55,55
28,40
72,93
32,63
68,93
49,54
27,59
64,90
27,62
68,97
65,95
66,94
29,53
65,82
48,69
28,62
66,74
32,62
63,69
40,57
60,66
37,59
52,58
28,38
57,54
52,51
41,60
54,53
50,55
51,54
51,59
47,64
50,52
56,59
59,50
57,58
49,59
58,53
55,61
59,53
53,67
57,54
53,61
51,48
49,62
59,57
54,51
35,42
49,62
49,64
60,49
51,56
71,50
65,51
55,59
52,56
49,59
54,54
51,57
39,43
50,46
50,43
54,58
44,48
44,39
49,41
46,35
49,41
50,37
37,47
49,39
45,44
42,53
42,43
45,43
39,45
44,42
36,46
41,46
42,55
43,49
48,50
32,39
37,55
54,51
44,47
47,50
39,50
33,47
38,48
38,45
39,44
45,53
37,44
52,53
51,59
38,43
57,53
35,46
45,53
30,42
46,50
34,39
37,41
48,49
45,50
45,46
49,56
53,57
53,52
28,33
45,52
43,52
46,51
31,35
40,50
44,49
46,53
52,50
53,54
40,38
41,51
62,63
43,46
51,61
45,49
56,59
46,52
58,61
43,53
57,63
39,52
46,43
42,52
62,61
43,53
62,58
37,49
57,61
38,55
44,51
32,42
59,61
43,38
41,52
60,64
35,49
58,63
39,50
64,60
38,49
64,63
43,53
58,57
41,51
42,53
67,60
40,53
63,57
40,49
61,54
40,46
61,56
41,44
46,50
39,37
39,39
59,50
39,45
55,48
45,50
59,52
45,53
59,53
39,43
64,48
42,50
43,46
62,50
44,44
68,49
42,46
66,48
47,46
69,50
45,44
67,49
48,44
46,45
45,45
43,34
71,53
50,47
73,51
43,45
68,52
43,47
69,48
51,47
48,46
67,49
46,43
72,50
44,47
77,54
47,48
71,48
46,45
72,53
52,44
49,48
45,49
32,38
43,43
30,38
34,44
39,43
31,46
40,40
38,47
47,51
39,46
39,48
41,40
41,50
42,35
42,52
46,50
33,45
44,39
42,47
42,42
44,38
39,50
35,57
41,56
44,48
46,49
44,58
51,52
44,52
40,49
38,45
41,54
44,56
42,54
33,57
41,54
41,51
43,53
48,55
42,51
43,51
31,47
42,51
46,51
54,49
41,53
41,53
46,52
40,50
44,54
45,54
40,48
43,52
41,52
46,53
36,46
42,44
38,48
41,54
40,53
39,49
54,45
48,47
47,45
41,53
40,49
48,50
45,47
37,49
37,50
49,52
44,43
39,52
44,50
52,49
43,52
40,47
41,52
39,50
43,53
43,53
42,49
44,54
47,52
40,47
37,50
44,54
44,50
42,61
48,52
50,50
50,54
42,47
33,41
49,44
45,54
45,52
44,47
40,46
48,43
51,44
44,47
54,44
45,43
53,45
41,47
48,45
49,46
49,45
47,51
52,45
43,47
45,42
47,48
47,49
39,39
44,45
52,47
47,48
49,46
48,46
51,44
51,50
52,48
48,43
50,46
51,52
50,47
45,42
47,44
46,44
49,47
47,41
49,47
50,43
47,53
52,50
47,47
52,51
53,49
47,49
54,40
55,54
54,55
50,44
35,40
57,57
56,48
54,52
59,52
48,41
52,45
53,53
58,48
52,38
53,44
48,40
57,59
54,50
55,40
61,46
56,56
56,45
72,54
55,42
54,56
71,53
47,43
54,47
51,49
58,53
71,56
56,56
61,56
52,43
70,57
50,42
52,47
51,42
52,47
52,47
48,35
52,47
46,33
33,33
39,36
48,43
73,55
46,41
54,49
52,46
55,53
51,52
59,58
55,54
58,49
69,55
43,42
70,66
59,70
75,74
56,76
81,77
57,79
81,77
60,75
80,74
54,75
77,76
55,76
76,75
56,75
77,74
60,75
77,75
56,74
80,71
58,72
75,75
57,75
81,77
57,74
79,73
57,75
79,74
59,74
81,71
58,74
79,75
57,75
80,75
57,75
83,74
59,74
93,76
63,75
100,73
60,68
84,72
52,74
79,72
59,74
79,76
54,76
79,74
57,74
77,72
55,73
80,81
56,75
79,76
51,73
83,79
55,74
81,73
54,78
83,73
58,76
80,78
61,78
82,75
55,73
80,77
57,77
76,74
58,75
76,76
59,76
77,75
56,74
82,75
59,74
80,76
57,71
79,76
59,73
80,76
57,74
80,77
55,72
79,75
55,71
80,76
55,72
81,75
54,70
79,77
54,72
80,76
54,72
73,76
55,69
80,77
56,74
78,75
52,73
80,77
54,74
80,75
57,70
79,77
58,71
83,74
57,68
81,75
58,74
82,79
57,72
79,78
54,71
77,72
58,70
81,76
52,71
82,76
59,71
78,73
52,74
80,75
53,72
82,74
51,76
76,75
49,76
77,76
52,73
79,77
49,70
74,75
50,73
77,75
54,73
82,82
57,80
76,77
50,69
77,75
48,70
77,73
51,73
79,75
54,72
79,77
53,71
79,72
54,68
74,69
54,70
77,70
52,71
79,77
50,70
77,74
51,70
82,75
47,68
80,75
51,68
80,74
49,70
82,76
50,73
79,73
53,69
83,75
51,71
80,77
53,68
81,77
49,71
76,74
54,70
82,79
52,71
75,78
48,68
81,78
49,68
79,76
49,70
80,78
51,67
80,79
48,70
79,75
46,72
73,76
43,66
76,67
42,68
77,76
43,70
74,73
42,69
73,76
42,72
73,74
43,70
72,75
43,68
76,76
44,70
72,75
45,70
74,74
44,68
74,76
44,71
75,75
42,67
71,73
43,69
73,74
40,71
73,74
42,72
73,76
43,72
72,74
45,75
74,73
46,71
71,72
43,69
72,70
45,69
70,76
45,74
70,76
48,72
70,75
46,75
74,73
39,72
73,75
39,72
78,73
42,71
74,76
42,67
74,76
45,73
73,76
46,70
79,74
44,70
72,72
51,72
78,77
44,72
69,73
45,69
73,76
45,69
74,76
45,72
74,79
42,70
70,75
45,69
71,74
44,69
69,69
33,69
65,72
37,72
67,72
37,67
68,75
39,71
67,69
35,69
63,70
36,70
65,76
34,64
66,70
38,67
69,72
37,67
63,71
38,68
66,70
36,68
65,73
34,66
63,73
38,70
65,72
34,69
68,73
33,68
67,74
34,70
68,71
35,69
65,71
35,71
69,76
38,67
66,74
37,69
63,75
34,70
62,72
38,68
66,71
32,67
67,72
35,69
63,70
36,68
67,71
33,68
73,74
35,72
65,73
37,70
67,74
34,73
65,77
34,70
65,73
37,71
65,72
37,73
61,73
40,71
57,76
38,70
68,72
33,63
72,76
33,65
62,68
31,69
65,67
43,64
66,70
32,64
65,71
35,67
62,68
30,64
61,64
40,64
66,68
37,66
66,69
39,69
58,72
37,67
58,72
39,65
66,71
33,66
60,67
31,65
63,71
35,69
64,73
37,68
66,68
35,62
61,70
41,69
59,71
42,69
66,69
37,67
59,71
40,69
65,70
38,66
67,69
39,71
60,71
36,65
62,71
36,68
65,67
42,63
65,68
39,68
59,68
36,65
63,67
36,65
61,66
35,68
59,69
37,68
63,68
32,70
64,72
35,68
66,69
37,64
62,68
37,68
64,69
39,70
62,68
39,68
64,68
36,68
62,69
39,69
59,69
40,68
67,67
48,67
65,69
42,70
64,68
39,68
65,69
41,70
67,70
46,71
61,73
40,70
67,71
40,68
64,68
43,69
71,67
42,68
66,69
46,69
71,72
41,68
82,71
48,70
73,71
43,65
70,71
37,71
71,67
42,71
69,69
41,68
68,71
43,68
67,71
38,69
63,71
39,68
72,70
47,68
74,68
44,67
70,69
50,69
67,67
45,69
63,73
40,69
68,72
48,71
66,71
45,66
64,73
42,72
63,72
40,68
65,70
42,70
72,67
41,70
70,68
42,66
70,71
40,68
73,69
40,70
73,70
45,69
69,73
45,69
72,69
47,68
67,67
44,68
77,70
52,67
73,69
48,67
74,71
51,69
75,70
52,66
77,68
50,69
78,70
49,70
75,70
49,66
76,65
49,67
70,67
48,66
78,66
51,68
72,69
53,69
72,69
46,66
76,64
47,67
71,68
51,71
72,68
53,69
71,70
48,71
73,71
48,68
75,70
49,69
77,67
52,69
68,68
53,68
66,68
48,68
70,74
52,74
76,73
57,70
69,71
53,72
77,73
48,75
78,68
44,64
75,76
51,68
79,69
49,68
71,68
54,69
68,71
53,68
69,69
53,68
70,70
52,69
70,70
51,68
70,71
48,71
72,69
46,70
68,70
47,67
75,70
54,65
75,71
50,69
69,71
42,67
69,66
53,68
75,69
57,68
75,72
51,68
75,69
50,72
74,72
53,66
75,70
56,70
71,70
51,67
73,67
58,65
80,71
50,68
79,73
55,69
73,71
57,71
72,71
60,71
74,71
54,72
76,72
52,66
74,70
61,68
82,72
54,69
76,73
56,70
76,73
53,70
77,69
58,67
78,70
56,70
78,70
58,69
77,70
56,70
81,72
51,68
74,66
56,66
78,69
55,66
72,67
53,68
73,67
55,70
76,70
57,67
78,68
54,73
75,69
62,69
79,69
51,65
73,72
52,69
69,70
49,65
74,68
58,64
75,68
57,66
80,66
57,67
77,67
58,69
76,69
61,68
80,68
58,68
76,69
64,69
79,69
53,67
70,65
54,65
76,67
59,67
72,67
47,67
72,67
35,70
74,73
47,75
81,75
47,76
75,79
63,80
76,72
53,67
81,74
53,70
77,75
56,70
97,73
63,72
90,83
62,75
88,85
61,73
78,86
62,80
83,83
64,74
83,82
57,78
83,88
62,79
89,83
62,78
79,85
62,73
81,87
63,78
57,80
81,84
81,84
67,75
90,82
65,79
83,79
63,77
87,83
60,76
87,81
63,78
83,81
63,77
83,81
59,77
78,77
60,77
86,79
62,77
87,79
65,78
83,77
65,76
82,78
59,78
84,79
63,74
61,78
87,81
62,80
85,78
67,78
86,80
82,83
62,76
59,77
84,81
90,80
58,76
87,78
63,73
60,76
85,80
59,76
83,84
58,73
77,80
90,80
58,72
81,81
60,77
87,83
60,79
85,86
63,77
85,82
59,81
90,82
62,74
86,81
63,77
84,78
61,78
91,81
58,77
87,79
64,75
88,81
59,83
82,82
61,79
85,81
57,76
83,81
58,82
84,82
58,82
82,82
54,75
79,78
56,74
82,78
50,74
84,83
57,77
85,83
57,78
84,81
57,79
78,80
56,80
83,83
50,73
86,79
51,75
89,82
53,76
83,84
56,76
81,83
54,78
80,84
56,78
83,84
52,75
86,81
55,76
82,81
50,74
79,84
58,75
84,80
55,74
81,77
51,73
81,80
51,79
82,78
56,75
84,79
53,80
81,80
55,79
83,82
57,77
84,83
52,78
101,86
96,78
55,72
89,78
55,73
84,80
53,78
91,87
55,74
84,81
54,74
81,81
55,75
89,84
56,77
89,83
54,76
86,82
56,76
85,80
51,77
83,84
59,77
89,84
59,74
88,82
59,77
88,76
57,77
90,81
55,77
85,84
55,73
81,80
49,75
89,81
55,75
86,83
52,75
86,84
54,73
85,81
49,79
87,84
51,71
88,82
54,77
80,81
51,69
86,81
54,74
80,82
52,74
79,83
54,75
75,81
54,74
76,77
49,77
78,86
50,77
82,81
51,76
80,81
54,73
78,79
48,75
75,82
49,75
80,82
52,75
83,84
55,72
79,79
50,75
79,79
50,76
75,76
51,77
83,82
52,77
78,82
50,76
79,78
49,68
79,81
46,72
78,77
48,75
74,83
53,75
80,83
51,77
75,81
46,72
76,80
52,76
79,80
52,75
81,78
48,76
72,78
52,77
75,77
56,78
76,78
47,77
79,80
50,75
73,74
47,78
68,82
50,76
77,80
49,80
80,80
51,77
75,81
48,73
76,79
46,72
78,80
50,77
78,78
50,73
78,79
49,74
76,82
50,78
75,82
55,76
75,79
55,79
78,78
55,77
87,81
56,79
78,82
65,82
85,84
51,70
82,82
47,73
78,82
56,78
72,81
49,77
78,81
48,76
80,78
48,74
77,80
56,76
79,82
50,81
77,83
47,78
77,79
50,76
75,78
43,77
80,82
48,78
75,78
49,74
76,79
45,73
77,77
38,74
73,76
43,75
75,76
34,79
70,78
37,78
66,80
45,77
64,77
48,76
63,76
42,75
65,75
46,74
69,74
42,74
69,76
47,77
65,77
47,79
63,79
44,75
64,76
43,78
64,80
45,80
70,79
46,76
72,79
44,78
72,78
43,75
70,76
49,76
69,76
44,75
71,75
46,76
70,77
45,77
78,82
40,73
76,78
42,75
73,80
43,75
71,79
47,74
71,79
49,76
76,79
46,75
84,79
46,76
71,80
43,77
75,77
42,73
71,78
39,75
74,78
45,74
73,78
37,75
69,75
37,74
67,74
40,71
77,76
45,73
73,75
46,74
66,77
43,78
70,80
44,80
71,84
46,83
68,79
44,78
65,79
43,79
72,74
43,74
72,79
41,73
75,81
40,73
78,83
43,76
74,78
45,78
77,82
40,75
82,76
47,75
78,80
45,73
70,77
44,77
70,81
43,77
79,80
41,75
70,77
42,72
66,78
45,77
71,76
42,75
68,77
43,75
66,76
37,79
65,75
36,72
71,76
44,75
74,78
38,77
63,75
41,75
63,77
39,78
66,74
40,78
67,74
39,74
73,71
41,74
71,75
40,76
66,74
37,72
63,75
38,75
67,78
44,74
67,73
39,71
64,72
41,74
71,77
36,74
68,77
37,69
70,77
39,73
70,76
37,74
73,80
42,72
68,78
40,75
71,78
40,74
67,75
42,71
68,79
34,76
67,76
41,72
69,78
45,75
66,75
39,75
66,74
41,71
70,78
38,74
66,76
41,76
66,75
43,75
63,76
38,75
66,75
41,74
66,74
37,74
63,76
41,72
70,73
47,73
67,75
41,75
63,75
41,74
67,72
45,73
66,78
40,76
72,79
40,74
67,77
39,73
71,78
42,76
72,78
37,76
77,80
39,74
65,78
44,74
71,78
45,75
66,75
41,75
66,76
41,74
67,79
48,75
70,75
42,75
70,77
41,78
68,78
49,75
69,75
48,75
71,75
50,72
75,75
49,75
66,77
52,76
74,81
45,75
69,78
46,77
72,80
47,75
72,75
47,75
60,78
40,78
68,78
46,75
74,79
46,73
74,79
45,78
79,79
44,75
71,79
50,76
80,77
48,73
74,77
43,73
75,79
43,76
69,80
46,76
72,78
50,74
74,76
47,75
71,77
49,74
76,78
44,75
77,81
46,77
68,77
45,77
75,80
45,79
68,80
47,78
68,78
46,77
71,77
55,77
71,79
48,77
83,78
41,73
74,79
40,74
82,79
47,72
70,73
46,72
72,79
51,77
77,79
46,74
68,76
50,72
76,76
43,76
75,76
51,75
76,79
47,74
75,75
45,74
74,74
43,75
77,81
47,73
78,77
42,74
81,81
49,77
76,79
44,74
76,79
49,76
74,77
45,73
84,82
49,77
73,75
46,72
79,77
39,70
75,80
46,78
78,78
46,77
75,77
46,73
77,77
50,73
79,74
50,72
72,77
46,73
70,76
46,74
69,74
50,75
70,78
47,76
74,77
53,75
73,76
57,71
78,74
54,74
76,77
56,77
77,79
57,77
75,77
59,73
82,77
56,71
74,78
60,76
78,77
60,75
76,77
54,73
79,76
64,75
78,80
63,78
76,80
59,78
77,80
60,79
73,77
55,77
83,79
60,76
79,77
58,78
77,79
51,74
72,77
57,76
75,76
58,76
80,77
61,74
75,74
57,73
100,77
63,73
85,78
56,71
79,79
56,72
81,81
53,76
76,79
57,78
77,78
59,74
80,79
52,76
74,80
59,75
78,76
48,74
74,76
52,74
82,80
60,80
77,80
59,75
74,77
58,76
75,76
61,75
77,76
57,76
74,78
48,75
71,76
46,73
75,73
61,76
79,81
41,77
72,80
53,78
65,81
54,76
78,79
53,73
77,77
58,75
77,80
59,77
76,78
58,77
80,80
58,75
77,77
61,75
78,78
61,76
76,77
56,79
73,79
55,75
73,77
55,75
74,77
54,75
85,79
57,77
80,79
51,80
86,82
61,82
76,82
58,75
84,81
48,78
75,80
53,79
76,79
53,76
81,77
56,78
75,81
54,81
79,80
58,79
82,81
55,79
82,79
62,79
78,79
56,79
76,79
54,76
82,78
61,78
78,78
60,78
90,77
64,78
78,78
62,79
78,79
60,79
81,80
61,82
80,80
64,79
81,79
66,79
82,79
69,79
81,78
54,75
79,75
58,75
80,77
61,77
80,77
56,77
76,77
58,78
78,79
59,79
80,80
58,74
81,79
60,76
79,78
61,75
80,81
62,76
79,80
60,79
80,79
59,78
79,78
51,73
82,81
57,77
78,81
57,73
81,80
58,75
85,79
55,75
76,77
56,73
85,76
56,71
84,79
61,72
79,78
57,77
81,80
53,78
77,79
58,74
81,79
64,77
83,82
62,78
82,79
63,78
77,77
61,76
77,79
60,76
76,76
68,77
86,77
70,79
87,81
61,73
77,79
64,76
80,81
65,77
76,77
63,76
83,78
63,74
80,76
65,74
83,78
60,77
78,77
64,77
79,77
60,77
89,73
71,76
85,78
57,73
81,81
62,76
84,83
61,78
81,80
62,81
88,80
66,78
81,81
69,77
79,78
63,76
89,81
70,79
86,80
68,77
22,30
33,33
27,36
34,37
29,31
31,36
29,32
36,32
29,28
32,28
30,30
29,32
21,32
34,33
29,31
35,34
33,31
35,34
36,30
33,36
37,34
33,36
25,33
38,37
31,34
33,37
29,33
37,34
29,34
36,34
30,31
36,31
30,32
35,32
32,33
35,34
27,32
33,33
28,32
32,32
27,33
44,34
28,29
43,33
32,29
42,29
31,31
39,32
29,31
38,31
31,31
40,32
31,32
38,32
29,33
37,33
33,32
42,32
32,32
38,33
32,33
0,38
23,29
38,34
31,33
36,33
29,33
40,33
27,32
41,32
27,30
31,26
23,39
32,40
30,37
30,32
29,31
32,39
30,35
41,34
31,35
41,37
29,34
38,34
31,33
36,33
29,36
36,34
32,35
36,36
29,35
35,35
27,35
37,33
28,37
36,35
31,36
35,36
26,32
34,34
27,32
33,34
26,33
33,34
28,33
35,34
24,34
31,35
25,35
31,37
27,37
34,35
29,34
40,33
28,35
42,35
30,33
40,33
28,34
45,34
31,35
47,36
36,36
48,35
36,34
46,31
38,39
46,34
36,37
49,34
33,33
46,33
37,34
50,35
40,35
48,37
35,34
10,37
47,31
35,32
32,32
45,34
31,33
43,33
33,30
43,34
29,34
41,33
28,33
43,35
30,35
37,36
28,35
36,35
29,38
40,36
31,36
36,35
30,34
40,35
26,32
38,33
26,34
36,34
29,33
39,36
28,36
36,36
26,36
35,36
30,32
30,41
40,33
30,36
34,32
33,33
31,34
27,35
30,35
32,36
27,35
33,37
25,37
32,39
30,34
35,31
34,33
34,32
24,34
33,34
28,37
34,33
32,32
32,32
27,34
38,34
28,33
35,33
30,31
41,36
33,36
38,37
38,37
38,35
38,35
38,31
39,32
42,36
40,34
42,35
42,33
42,33
42,33
39,30
45,36
40,31
42,34
42,34
42,34
30,35
38,31
35,33
37,35
30,32
34,30
33,33
33,33
31,30
33,31
33,31
33,31
33,31
39,33
35,33
35,32
35,33
35,33
35,33
35,33
35,33
35,33
37,31
32,32
32,34
32,34
37,30
37,31
37,31
37,31
37,32
37,32
37,32
37,33
37,33
37,31
37,31
37,31
37,31
37,31
37,31
37,31
37,31
32,33
40,29
31,35
40,34
29,33
36,35
28,32
38,35
30,32
39,35
33,34
36,33
27,33
29,33
30,33
34,33
47,33
36,33
46,33
31,35
51,32
33,32
51,32
37,33
50,31
38,35
52,28
39,35
51,34
30,32
42,34
35,35
42,31
24,33
38,28
22,34
32,34
25,35
31,30
22,36
35,31
18,38
36,32
21,32
33,31
24,32
41,31
32,32
34,33
30,36
30,36
26,34
32,33
30,33
32,32
34,37
33,37
33,41
32,42
34,41
35,37
32,43
32,40
24,35
33,33
33,35
33,37
25,35
30,38
30,34
29,38
30,36
36,34
30,34
30,37
30,36
34,36
30,36
30,34
35,48
45,58
47,54
51,59
51,55
53,63
51,53
50,62
50,51
50,62
50,55
51,63
53,53
53,59
53,52
54,60
54,49
52,59
52,52
52,57
51,51
50,64
50,52
50,60
49,54
49,58
50,49
50,57
50,53
50,58
50,58
49,58
50,57
47,60
49,61
50,62
48,61
44,56
47,50
50,56
45,56
47,56
50,52
49,59
49,56
45,59
50,59
50,59
49,48
49,57
48,48
51,57
51,57
45,51
50,58
46,50
46,50
54,58
47,45
50,57
49,53
53,64
50,59
54,57
45,47
51,58
50,58
54,57
48,57
53,59
50,61
50,56
46,58
51,57
45,60
51,59
42,56
49,59
46,57
51,59
45,57
51,57
45,57
52,58
42,43
46,55
47,57
47,57
50,57
46,62
51,55
48,59
51,55
47,59
48,57
47,61
58,66
52,57
52,63
49,54
48,58
48,55
51,60
46,59
51,59
48,58
57,64
53,50
43,50
51,51
49,51
46,51
50,51
44,45
56,64
48,52
47,51
46,52
55,58
49,48
44,46
45,50
49,54
43,46
48,54
41,52
49,50
46,48
50,52
47,48
47,48
45,48
45,49
45,49
45,49
45,49
46,48
46,48
46,48
46,47
46,47
46,50
46,46
46,46
46,47
46,47
46,47
46,47
46,47
46,47
46,47
46,47
46,47
46,47
46,47
46,47
46,47
46,47
46,47
46,47
46,47
46,47
46,47
46,47
46,47
46,51
48,45
48,48
44,49
49,48
49,48
49,48
49,48
46,47
49,47
46,44
49,48
46,47
47,49
46,47
49,48
48,46
48,51
46,47
47,46
46,44
47,47
47,47
48,48
47,47
50,55
49,49
49,52
49,51
49,50
49,50
48,50
47,51
48,50
44,48
49,50
45,48
45,49
49,55
47,49
49,59
49,55
51,57
49,54
47,58
47,50
52,60
47,53
53,59
48,49
58,61
54,52
54,59
52,57
53,63
51,56
56,60
47,54
58,59
44,53
54,57
40,50
56,54
40,47
55,52
42,47
61,54
43,47
58,59
58,54
54,53
55,53
53,58
53,58
47,51
31,43
49,53
35,46
47,52
32,48
47,53
37,50
46,49
44,48
37,48
48,50
41,49
41,53
42,43
44,49
44,48
46,54
41,52
47,52
45,51
48,50
47,44
46,54
47,48
52,51
45,50
48,49
45,49
46,50
43,48
51,50
49,44
51,50
45,44
53,53
44,44
47,52
44,46
49,54
46,49
50,55
44,45
50,51
47,46
44,49
44,39
43,45
37,48
37,48
38,47
39,47
39,47
40,47
40,48
40,48
40,45
37,46
39,47
40,45
39,45
52,64
49,54
44,44
40,43
44,46
42,42
43,47
38,46
43,44
40,44
39,44
39,45
39,45
34,45
37,42
38,43
39,44
33,38
37,45
37,45
41,48
46,38
45,41
40,42
39,43
40,40
42,43
39,40
44,44
41,42
42,42
42,41
49,59
46,50
46,53
44,42
42,57
40,43
43,56
42,42
42,52
43,43
45,58
43,51
45,56
46,48
46,59
47,46
45,44
40,44
38,41
36,42
36,45
36,44
36,44
40,40
38,42
38,42
41,43
41,46
41,46
41,46
42,45
43,41
39,41
39,45
41,45
39,47
41,41
43,46
43,44
45,41
43,43
42,45
39,44
40,44
37,42
42,41
39,41
43,48
42,42
40,43
41,48
44,44
40,47
43,43
40,48
40,46
47,40
44,49
44,49
41,47
42,44
44,47
42,48
43,45
44,53
42,41
41,48
41,43
41,45
43,49
43,43
47,46
47,46
47,46
42,46
45,40
39,43
44,43
39,43
39,44
43,49
44,47
49,41
50,51
45,43
48,46
48,46
47,46
45,46
44,41
44,44
46,41
43,45
47,42
45,44
44,40
42,41
42,41
39,47
45,44
43,44
35,37
39,40
42,40
45,43
45,43
32,38
43,46
45,46
45,48
48,45
47,50
49,49
46,56
48,50
48,55
48,48
49,52
50,49
50,54
52,54
46,62
47,49
46,51
52,51
50,53
50,53
45,51
51,49
46,55
49,50
48,51
51,50
49,52
50,45
44,47
48,47
42,45
36,38
40,45
48,42
49,40
40,38
47,40
37,41
40,41
42,43
45,46
41,47
51,44
48,45
42,44
48,44
41,48
50,42
32,39
36,42
39,44
43,43
46,43
47,39
40,41
43,45
49,47
45,44
46,44
38,42
45,45
47,43
40,44
36,42
46,47
50,42
42,45
51,44
44,45
44,45
47,43
49,45
46,45
49,45
40,42
47,44
44,45
47,46
41,45
48,45
44,45
51,44
43,44
48,44
42,46
45,47
38,47
43,44
36,40
48,42
39,41
39,44
48,44
49,42
38,38
50,47
37,39
48,42
50,46
39,40
34,42
48,42
40,43
48,44
37,43
45,43
40,43
49,44
40,42
41,44
40,45
52,45
42,47
51,46
44,43
55,44
39,45
52,45
38,41
50,41
39,41
49,43
43,42
49,41
33,43
38,41
55,39
50,43
36,42
50,44
38,45
38,45
38,40
45,39
34,48
46,48
46,43
38,42
51,40
32,41
35,41
45,42
36,40
36,39
48,43
37,36
39,42
40,40
50,42
35,37
43,37
47,39
48,43
42,41
50,45
43,44
48,52
49,46
49,46
41,45
46,41
48,40
43,43
48,45
43,40
44,44
39,43
46,46
43,43
42,39
42,47
45,41
40,41
41,42
40,44
45,44
44,45
47,45
48,50
45,47
45,47
45,47
43,51
47,41
46,50
46,46
40,44
43,47
48,47
48,47
48,47
42,43
47,47
42,43
45,47
40,44
46,47
41,45
48,46
41,44
41,44
35,37
44,44
38,39
51,49
45,45
45,44
42,44
42,41
44,44
44,44
41,43
40,43
49,47
37,36
51,42
40,44
42,44
45,41
44,49
38,43
40,38
41,42
48,39
43,42
43,42
36,47
37,38
39,46
41,41
40,40
43,46
41,46
38,39
43,41
42,41
41,44
39,44
43,53
45,55
51,53
48,49
49,59
49,48
49,54
52,52
48,56
57,59
47,57
53,50
43,52
54,53
48,56
54,45
46,55
51,50
44,63
55,56
44,50
53,42
47,50
54,46
43,50
50,51
47,55
47,46
47,52
50,53
46,53
46,46
53,66
56,55
48,55
51,54
47,54
51,53
51,54
53,47
49,58
53,49
45,55
50,46
45,54
50,43
50,54
50,47
48,54
54,49
47,54
48,49
49,57
48,52
49,44
50,52
53,58
51,60
53,56
53,58
48,46
45,60
53,51
49,52
53,53
48,53
51,57
47,55
48,51
48,58
50,48
49,52
49,57
54,47
52,53
53,49
45,51
50,45
43,55
49,56
54,55
75,101
52,61
56,61
46,58
48,50
48,64
54,60
51,60
55,61
51,60
51,48
53,61
50,58
54,64
56,53
53,68
56,59
51,63
53,55
48,60
49,49
46,57
52,53
51,59
51,59
47,59
53,56
44,52
48,57
45,55
47,57
52,50
47,57
50,58
45,56
50,57
51,57
44,57
51,51
45,65
52,47
48,50
51,49
48,52
49,50
43,54
49,54
50,48
42,53
46,56
40,57
49,56
41,56
49,55
39,54
47,53
45,49
44,53
41,49
45,52
42,50
62,55
39,50
47,50
47,55
47,47
42,51
48,51
42,51
53,49
40,49
51,51
40,46
45,49
49,46
45,46
43,47
43,57
46,47
44,55
47,52
42,48
47,50
40,52
46,49
40,49
49,47
40,49
53,49
48,45
38,46
45,49
49,46
48,46
50,45
50,46
40,48
49,48
45,48
49,49
46,54
46,49
49,47
52,52
47,51
52,53
46,53
45,52
45,55
48,47
49,55
52,50
45,57
51,51
48,56
48,44
49,55
49,50
49,53
50,47
42,52
50,50
48,57
48,49
48,56
49,45
45,55
49,49
48,54
46,49
45,59
49,50
46,58
51,47
46,54
50,50
47,59
47,49
47,56
53,52
47,59
55,54
54,62
51,56
57,67
59,57
52,68
56,58
46,53
52,46
58,69
58,61
56,61
53,59
55,66
82,76
54,70
80,76
57,70
57,73
79,77
56,82
79,82
62,90
77,81
61,87
82,82
61,88
81,85
64,89
78,81
74,80
61,87
82,81
62,90
79,82
59,88
85,86
64,89
82,83
61,89
80,84
54,70
101,123
63,87
84,81
64,89
85,81
61,84
82,84
65,89
81,80
64,86
81,80
64,87
84,79
64,87
83,80
65,87
81,81
62,86
83,81
64,86
81,80
64,84
81,80
64,86
84,81
65,86
83,79
50,72
63,85
85,78
63,87
84,81
64,85
84,82
64,85
86,85
66,88
80,79
71,73
65,87
81,81
65,88
83,84
64,86
84,82
68,88
83,83
69,75
67,89
81,83
66,89
80,82
67,87
82,82
65,85
80,82
64,87
84,83
50,70
64,87
81,81
62,86
81,82
64,87
81,80
64,89
83,80
64,87
79,78
47,69
65,86
85,79
66,89
83,82
63,86
82,79
65,90
82,81
69,73
65,88
83,82
66,88
83,82
66,87
79,81
68,87
81,80
65,88
85,82
64,87
81,81
64,88
83,83
64,87
86,84
63,87
81,78
64,90
83,82
54,69
64,87
80,82
66,90
85,85
66,90
82,85
63,88
84,86
66,90
86,85
66,95
83,83
63,91
83,83
62,89
86,83
65,89
85,79
63,91
86,83
66,92
86,83
67,91
86,84
67,89
85,81
67,86
82,80
63,87
81,81
66,91
81,83
66,89
81,80
65,85
84,81
63,83
84,76
87,79
85,72
58,75
87,75
56,73
86,73
58,67
81,74
62,72
82,70
61,70
79,75
58,69
79,74
59,69
76,75
58,69
79,73
81,78
58,70
59,67
78,72
57,67
81,75
83,75
55,69
72,76
57,72
78,74
57,68
77,73
56,69
81,73
55,69
79,74
78,73
56,65
49,70
79,74
55,67
81,75
58,66
82,77
56,67
79,74
55,65
85,76
59,69
83,75
58,66
84,78
61,68
87,74
56,67
77,74
54,66
60,71
80,76
79,73
57,69
78,76
59,70
57,70
81,74
85,76
56,66
59,68
80,74
100,125
55,71
77,75
77,74
57,71
79,74
58,71
89,73
64,63
93,67
68,56
51,71
100,72
70,59
95,74
71,57
92,76
73,64
99,75
74,58
96,74
74,61
96,74
73,61
96,73
76,59
75,62
100,72
76,61
95,76
72,61
92,72
70,64
93,76
76,60
94,74
75,65
93,76
75,65
93,75
71,64
94,73
71,62
93,74
72,62
96,77
72,62
93,77
71,60
91,72
71,62
47,67
91,76
72,65
94,75
76,62
97,76
75,64
95,75
76,60
94,71
78,62
69,77
93,73
77,65
93,72
78,62
95,73
78,63
94,77
78,61
93,76
79,65
48,71
96,75
78,64
95,75
79,67
93,73
78,65
95,72
74,62
93,72
76,61
71,78
97,72
79,63
97,76
75,62
92,72
76,63
95,74
75,64
96,71
75,63
47,71
51,69
98,74
76,62
96,72
77,64
95,74
78,65
120,113
76,60
98,74
77,65
70,79
96,76
75,65
99,78
78,62
46,71
98,75
78,66
100,75
72,61
100,74
75,64
49,71
97,71
76,64
96,73
76,59
95,75
76,62
98,75
74,60
99,73
77,65
71,77
96,72
76,61
97,76
76,61
98,74
75,62
50,71
125,124
73,61
93,70
76,61
98,75
75,60
93,74
74,61
71,73
126,125
75,65
96,73
77,62
97,76
78,60
98,69
66,55
46,72
100,72
65,64
57,67
70,76
54,68
86,72
56,67
81,70
59,67
80,72
80,76
55,67
50,72
81,72
57,68
79,77
58,69
59,70
80,72
80,71
57,65
60,71
81,75
69,75
98,119
59,71
78,75
79,74
57,68
81,75
57,67
59,66
78,72
57,68
79,73
77,74
59,66
84,77
57,69
79,77
55,68
83,74
56,69
60,69
83,74
78,75
55,67
80,74
55,68
81,74
57,70
59,69
79,74
79,74
58,68
79,73
58,69
78,74
59,67
80,76
58,70
56,69
74,72
59,72
81,71
53,68
83,72
78,73
56,69
60,71
79,74
80,76
57,68
55,69
82,76
80,76
56,68
79,78
56,70
50,71
78,75
58,71
81,74
55,65
76,73
55,67
79,74
53,67
76,76
55,66
71,74
76,70
54,66
55,67
76,71
50,70
82,72
47,71
61,78
85,71
78,69
53,63
77,70
55,64
80,69
58,70
80,72
53,63
71,77
56,71
77,73
56,65
78,71
53,68
79,72
55,62
82,72
57,64
84,73
56,62
72,79
81,68
49,63
51,65
77,67
81,76
55,65
55,67
80,70
50,70
77,71
46,71
120,117
126,118
120,126
114,101
113,102
112,107
79,84
96,95
65,79
97,90
74,85
94,92
75,86
99,96
69,85
102,91
65,82
96,85
66,78
107,91
68,79
102,82
70,77
99,83
65,72
90,82
65,74
90,82
64,81
90,81
64,85
88,81
65,82
88,84
59,79
92,82
68,85
68,85
88,80
66,83
85,78
67,82
105,120
83,75
66,83
81,77
63,80
84,77
67,80
83,76
61,79
78,74
66,77
86,80
72,79
86,73
64,77
81,75
67,78
79,73
64,75
80,65
63,72
77,67
64,73
79,68
59,70
76,64
56,62
49,70
51,63
72,55
55,62
72,54
58,65
70,59
57,67
73,61
57,66
74,75
70,64
56,67
71,61
58,63
75,64
59,65
74,63
63,64
77,60
58,69
70,59
60,67
72,62
55,69
71,61
59,68
70,62
60,66
69,62
60,65
69,61
56,69
70,64
59,69
69,65
59,65
71,64
55,67
72,63
57,61
52,71
69,58
53,66
70,62
52,63
69,60
54,64
73,60
52,65
70,61
53,69
71,74
64,59
55,68
68,62
53,66
65,61
52,67
70,61
55,70
67,66
58,65
51,75
67,66
54,65
69,66
54,67
68,61
53,65
67,66
57,68
72,67
56,70
71,78
57,68
67,58
59,68
66,61
56,69
66,61
58,69
66,63
55,69
65,60
54,69
65,65
51,67
67,63
55,70
67,65
54,69
70,65
55,67
68,64
68,67
52,66
58,67
67,64
69,67
51,66
67,65
51,65
70,67
51,66
54,67
67,64
71,66
53,66
54,65
72,63
52,68
69,65
51,67
71,62
52,69
68,63
72,67
51,65
54,65
68,64
54,67
68,62
66,65
49,72
56,68
55,66
68,65
53,66
66,63
56,69
66,60
70,66
53,67
54,68
71,73
64,61
68,65
55,66
68,66
53,64
68,64
55,65
68,66
57,66
69,64
55,66
71,66
56,66
68,66
58,66
57,68
69,62
55,67
64,63
57,67
66,60
55,67
68,62
67,66
57,65
55,65
66,62
58,67
66,65
57,68
51,70
69,65
54,67
66,62
58,70
69,65
57,67
68,64
56,69
69,62
53,66
66,73
79,76
66,64
55,66
66,65
55,66
63,64
68,65
52,66
57,67
67,63
56,67
66,62
76,65
64,64
84,65
69,65
84,68
69,66
84,68
74,67
89,68
71,67
84,67
72,67
82,66
71,65
82,66
71,65
80,66
66,63
80,63
46,69
67,65
83,67
69,67
84,67
69,68
82,64
66,65
81,65
68,66
81,68
69,74
74,66
80,67
72,65
82,68
69,67
80,67
72,67
71,67
80,66
70,70
80,64
80,70
69,69
83,67
71,66
82,67
67,67
80,66
67,67
68,67
81,67
69,67
82,66
71,70
87,65
73,66
85,64
76,66
88,62
77,68
86,65
76,68
87,64
77,69
87,64
75,69
86,64
74,66
86,63
77,66
88,61
72,68
86,63
75,67
86,63
70,70
89,65
71,67
87,64
77,67
91,63
78,64
90,62
74,66
89,63
72,66
88,64
76,67
56,67
85,64
76,68
81,63
71,66
85,65
74,65
87,66
72,69
86,61
75,68
86,65
75,68
85,65
73,65
75,64
68,67
80,65
72,67
81,65
70,65
82,65
69,67
82,65
69,67
83,64
68,67
81,64
71,66
50,68
87,63
77,65
88,64
79,68
87,64
75,66
84,62
73,68
87,64
77,68
68,75
85,64
74,66
85,64
84,68
76,66
79,65
86,66
74,66
88,64
78,66
84,62
77,65
83,64
76,67
88,66
75,68
87,64
76,67
86,61
75,65
83,60
75,66
85,63
74,67
88,61
73,64
84,55
61,59
79,53
52,56
48,71
82,48
55,66
53,78
69,94
59,64
69,74
64,62
81,50
69,63
82,51
68,66
80,58
66,62
82,59
68,67
49,71
80,61
67,64
80,59
66,65
85,63
65,67
80,61
69,67
87,60
67,60
73,76
82,62
65,62
81,57
66,62
82,58
62,62
79,55
67,64
78,57
63,59
48,73
78,58
64,64
80,59
68,64
82,59
64,66
81,59
64,62
81,60
67,62
69,74
79,55
65,62
82,58
65,62
83,59
64,62
80,59
65,63
80,57
64,62
79,57
65,64
77,60
65,62
80,57
61,61
84,61
65,63
81,60
67,65
80,62
66,63
81,60
65,62
78,57
64,62
80,59
63,64
76,56
63,62
51,72
82,58
64,63
79,56
62,64
78,59
60,65
77,53
65,64
79,60
63,64
71,74
81,60
65,64
79,57
68,65
78,55
61,62
81,58
63,64
80,58
63,64
79,57
59,67
81,56
61,62
77,57
64,66
79,57
65,64
78,54
66,61
78,60
65,65
81,59
59,62
78,57
63,64
80,59
58,63
78,55
62,63
81,57
62,65
75,55
63,63
81,57
66,64
78,55
65,64
79,82
79,56
66,63
79,60
69,63
79,55
67,61
84,58
66,63
80,57
68,62
48,72
81,55
62,67
78,56
65,63
77,55
69,62
83,54
65,63
79,57
62,63
70,74
78,58
64,62
76,58
64,63
77,54
65,63
78,55
65,60
80,59
64,62
49,70
80,57
63,63
82,57
68,65
76,58
64,63
83,58
67,65
80,60
64,64
72,77
80,57
64,64
79,57
63,67
78,53
58,61
81,54
69,77
71,74
72,79
61,62
84,56
66,59
82,59
67,60
47,69
80,62
70,63
87,56
67,67
86,58
66,68
86,61
88,62
64,66
67,64
48,68
87,60
63,65
86,62
66,64
86,63
66,65
83,65
81,62
67,61
66,65
73,76
85,63
67,66
82,62
68,66
83,59
69,67
85,56
72,65
85,59
68,65
51,70
83,62
70,67
83,61
63,65
82,58
68,66
86,62
86,66
70,66
69,66
72,73
54,70
82,62
68,66
83,62
83,62
68,65
88,63
71,65
70,65
84,58
87,65
46,71
68,63
68,63
81,61
67,64
85,59
82,64
67,63
86,63
65,64
67,61
70,75
86,62
72,65
87,61
67,64
83,59
68,64
86,60
84,63
64,64
82,61
52,68
68,67
68,63
85,61
66,63
83,57
69,62
85,60
70,65
82,61
68,65
70,75
85,60
68,64
83,59
66,63
89,60
67,62
83,57
69,63
86,58
68,64
49,69
85,63
69,65
88,62
67,66
89,59
69,66
87,62
85,64
67,64
90,63
73,77
67,65
67,64
84,66
70,68
85,65
69,65
85,63
83,64
67,62
71,65
49,72
82,61
69,60
85,61
87,63
66,67
60,64
69,57
53,66
71,61
56,67
75,76
70,64
56,67
69,61
55,67
67,61
56,67
69,64
55,67
68,63
54,65
52,71
66,64
50,66
68,57
54,79
52,71
52,65
70,72
72,53
53,63
69,61
56,66
66,63
56,69
69,64
56,68
67,61
56,66
51,69
68,66
54,67
70,64
53,69
67,64
54,67
68,65
54,69
68,62
61,69
70,71
70,63
52,67
66,62
58,67
68,65
53,69
66,64
54,69
66,64
58,69
64,65
56,68
67,66
57,70
71,64
54,66
67,59
54,68
71,67
55,68
68,64
54,67
72,64
52,65
70,62
56,66
67,65
59,68
68,61
54,66
49,72
70,65
52,68
68,65
55,67
66,63
55,70
72,66
55,68
69,63
54,66
70,76
68,64
55,69
67,64
61,68
69,67
58,67
66,65
53,67
66,64
57,63
53,73
69,64
55,69
66,65
59,70
68,67
57,66
72,66
59,69
71,65
55,68
72,79
67,67
59,69
70,63
55,68
69,63
57,68
68,65
55,69
50,71
73,64
56,67
71,64
56,67
70,64
55,69
69,66
70,66
58,65
55,68
74,74
71,66
57,69
70,66
55,68
70,63
55,66
68,63
56,69
67,64
54,68
50,70
70,64
56,67
70,64
58,66
67,63
55,68
69,66
56,66
66,65
56,65
72,78
67,59
57,69
69,66
56,69
70,67
56,67
70,62
57,65
71,64
54,68
46,71
68,66
54,67
67,64
59,64
69,66
57,66
70,65
58,65
72,61
55,66
69,77
72,66
56,66
70,65
54,67
72,65
53,67
70,65
54,63
69,65
58,67
48,71
70,64
54,66
68,62
53,70
65,64
53,71
66,64
53,72
62,64
48,69
72,75
61,62
49,70
64,63
50,71
64,66
51,70
60,65
48,70
61,63
50,72
55,72
61,64
45,76
56,64
43,73
53,63
48,73
54,66
42,72
54,63
46,70
67,72
55,66
43,72
58,64
47,73
55,63
46,72
57,65
45,72
58,65
48,73
49,72
58,67
47,71
59,66
47,73
56,68
46,71
58,67
43,71
55,69
42,73
67,76
52,67
40,70
52,68
43,74
56,63
43,73
54,68
42,72
54,64
40,71
49,70
56,67
42,74
56,66
38,74
55,67
34,73
51,64
38,71
51,63
40,74
65,72
53,61
36,70
54,64
41,73
50,62
43,73
51,64
42,74
55,67
41,73
51,72
53,65
44,76
50,64
40,73
53,65
39,72
52,67
43,73
53,65
40,72
71,75
51,63
41,73
55,63
38,70
58,65
38,71
59,64
40,70
56,62
40,70
54,61
44,73
55,63
38,72
55,64
39,73
55,66
42,75
54,64
38,76
57,63
45,82
60,66
52,92
63,71
55,94
61,69
55,94
62,71
55,89
59,68
58,94
60,69
55,90
62,69
51,92
61,70
57,94
60,70
54,94
57,68
57,91
61,66
51,82
60,66
51,89
58,68
44,81
52,71
55,67
39,76
58,66
40,78
60,65
37,82
57,63
41,82
59,63
42,79
71,74
57,66
40,79
58,63
38,79
54,64
42,81
56,62
36,78
54,66
32,75
52,70
56,64
38,77
56,64
40,79
56,65
41,85
55,62
40,81
57,61
41,82
72,74
54,64
42,83
57,63
39,78
57,64
39,83
55,62
37,79
58,63
35,80
50,72
57,60
37,81
59,66
34,80
58,62
38,82
54,62
48,87
60,63
57,89
70,76
61,64
57,91
66,68
62,89
53,64
74,56
54,67
68,58
56,67
70,59
55,65
68,60
57,67
73,63
58,66
68,62
56,65
67,63
57,66
68,63
55,70
69,63
57,70
71,61
56,66
69,62
55,68
71,62
55,66
67,61
56,66
69,63
55,66
66,61
56,68
69,63
56,67
66,64
55,70
50,71
67,62
54,68
67,63
56,70
68,61
59,70
66,64
55,70
65,64
58,70
68,73
72,62
56,67
69,64
55,69
68,64
56,67
68,63
54,64
69,66
51,65
70,64
53,68
68,65
53,69
69,66
58,68
74,65
50,66
73,62
61,82
72,68
66,85
76,73
69,89
78,81
68,91
74,75
69,90
76,77
67,90
76,80
70,91
79,79
70,98
76,80
67,95
74,76
70,95
73,77
69,96
72,71
73,96
74,81
71,92
76,81
71,91
76,83
72,93
70,72
71,95
51,73
77,75
68,86
80,78
55,74
51,68
69,58
53,65
71,59
54,63
68,74
72,63
52,65
74,62
45,61
75,62
49,59
72,60
52,60
53,66
69,60
53,63
66,61
54,64
67,62
52,66
66,64
55,67
67,65
57,66
67,63
57,68
67,62
56,70
69,66
55,72
66,66
54,70
98,123
63,63
51,67
71,62
53,69
69,65
58,68
66,64
56,68
67,62
57,70
52,73
64,63
52,65
68,65
54,67
65,63
57,69
68,62
58,66
68,62
52,67
95,119
66,64
55,65
68,65
55,68
68,63
56,66
71,63
57,69
70,65
59,69
46,72
72,59
57,68
69,62
59,72
67,61
57,67
67,63
58,66
68,60
56,68
65,63
55,67
68,65
59,67
69,64
58,67
66,65
54,70
66,65
56,69
67,62
55,68
66,65
59,69
65,66
58,68
72,64
55,70
66,62
59,68
68,63
59,69
69,63
60,69
69,64
54,70
65,58
56,66
68,58
58,66
67,57
53,68
65,57
48,69
67,54
52,67
65,55
49,71
71,74
46,69
68,76
48,71
49,72
67,74
48,71
73,75
50,71
70,75
44,75
66,72
39,73
60,72
38,74
59,70
87,122
39,77
60,74
41,77
85,124
35,76
74,77
82,125
36,75
36,77
50,74
55,68
78,120
35,75
36,74
52,75
40,76
52,74
39,76
55,73
84,126
40,76
82,126
42,75
88,125
45,70
75,120
41,72
53,71
84,126
35,72
43,74
54,75
87,127
38,72
39,77
56,75
40,74
51,77
40,71
57,79
80,126
39,75
35,76
49,73
41,77
55,77
42,72
52,77
57,71
43,72
55,77
45,73
55,81
39,76
51,76
38,78
55,79
38,74
53,73
40,73
55,81
42,77
54,76
37,77
51,76
44,74
52,72
43,80
47,74
49,71
46,82
51,76
84,123
44,75
42,75
52,73
41,76
55,78
48,78
52,73
43,73
50,74
40,72
53,71
56,78
36,72
50,74
40,70
52,74
41,74
53,75
41,75
57,73
41,71
53,74
41,75
55,74
44,74
58,74
41,72
57,74
40,76
51,76
36,76
54,74
81,119
38,76
40,78
55,72
39,78
56,79
40,74
49,75
59,74
36,75
80,112
43,75
46,76
61,74
36,74
52,72
41,76
65,72
41,81
54,71
38,76
51,72
40,79
55,74
41,73
52,74
41,75
58,75
42,76
58,74
41,77
55,76
42,76
51,76
39,74
54,73
37,76
56,73
37,74
52,73
37,75
53,75
35,75
54,74
36,72
53,74
41,79
58,74
38,75
54,72
38,75
52,72
41,73
53,73
43,76
52,73
40,76
51,76
35,76
58,70
38,82
62,74
40,81
62,70
33,73
55,73
45,78
55,73
50,68
78,84
46,87
62,81
50,87
60,80
48,97
67,81
51,93
66,84
46,98
64,82
44,93
65,87
46,100
64,86
50,104
69,89
49,100
63,86
66,85
63,88
50,102
67,87
51,96
72,83
66,83
76,78
54,98
67,83
67,80
66,85
68,83
59,85
54,70
69,82
67,82
53,96
67,84
73,79
54,95
70,84
67,87
67,87
69,85
52,69
67,83
78,74
50,90
65,80
46,90
62,78
54,94
62,75
48,90
63,78
53,66
50,95
62,80
51,94
61,78
47,90
70,72
53,94
68,75
69,77
46,95
69,77
55,96
67,79
49,91
67,84
50,90
66,78
54,63
60,72
50,91
64,76
49,92
67,79
79,77
47,91
67,77
53,90
70,80
54,89
69,76
50,90
67,80
52,101
67,87
53,62
46,96
66,80
50,95
67,82
51,96
67,81
51,95
68,80
48,95
66,76
54,71
51,95
66,81
51,97
68,77
48,95
65,80
46,93
65,79
46,96
64,82
76,76
51,95
67,80
53,95
64,79
49,92
63,82
51,92
65,80
48,96
66,85
73,74
49,97
67,80
53,99
65,79
49,94
66,78
49,94
65,81
48,96
62,78
52,70
52,94
65,79
51,98
65,80
50,98
65,81
49,94
64,79
50,92
66,80
78,76
49,94
64,78
52,98
66,78
49,89
65,80
55,96
62,88
52,97
64,80
58,67
51,98
61,78
58,98
67,80
54,96
65,79
52,93
64,79
83,79
52,98
63,78
52,96
68,78
52,95
67,80
52,95
67,82
50,94
66,77
53,70
84,80
50,91
66,73
64,72
48,84
59,72
78,73
42,81
56,70
40,78
52,72
43,78
53,75
47,76
52,69
45,81
53,71
53,68
44,83
51,70
43,79
55,75
45,77
51,70
45,78
52,71
51,79
61,72
56,74
56,81
62,75
53,83
63,74
50,81
62,75
52,82
66,75
70,76
47,83
63,75
55,84
62,73
52,82
62,75
51,80
65,74
52,82
65,75
51,83
64,72
48,82
61,73
47,80
62,73
46,78
60,70
49,79
59,70
47,83
58,71
37,72
55,68
44,74
55,68
39,74
53,67
39,78
54,71
45,80
54,72
43,77
54,70
45,76
57,65
44,75
55,69
44,74
54,69
44,76
52,69
44,74
54,68
47,77
52,68
46,77
57,67
47,76
56,70
43,78
54,69
43,79
51,70
41,76
56,68
35,72
53,63
82,83
41,67
50,62
35,65
47,67
42,69
48,65
37,67
49,65
38,71
52,65
56,67
50,68
41,73
51,69
34,63
52,68
40,70
51,71
56,69
38,68
56,66
43,72
52,67
42,71
53,64
42,70
54,65
38,71
51,65
81,81
39,70
54,67
37,70
56,66
41,71
51,67
42,72
50,66
39,69
53,65
57,69
38,68
53,66
43,67
52,68
39,69
51,66
41,71
56,68
38,67
52,66
75,76
40,67
54,66
38,68
53,65
41,67
51,66
41,67
50,63
38,69
52,65
54,67
37,67
51,66
39,68
54,67
42,68
56,67
25,69
58,66
81,78
18,79
63,73
26,75
53,69
36,69
51,63
37,67
49,63
37,69
47,64
55,67
36,71
47,63
39,68
46,61
37,71
57,68
39,66
55,67
37,71
48,65
42,68
49,69
35,72
52,67
34,71
50,68
42,72
55,66
32,65
53,65
60,76
40,46
38,29
39,36
43,37
47,43
55,44
56,48
55,45
55,48
57,46
60,51
53,41
55,46
55,48
53,47
53,43
34,46
48,45
31,48
52,43
28,45
50,41
34,47
52,45
38,42
47,47
33,45
48,46
32,42
51,44
34,46
46,44
35,44
44,40
36,43
45,41
32,43
48,45
34,45
46,46
39,44
43,45
24,45
46,46
24,51
42,43
18,45
39,43
17,46
36,40
22,47
35,40
31,50
36,40
24,48
34,42
26,47
33,41
37,48
40,39
38,53
42,38
41,46
41,39
39,52
39,37
41,53
40,39
45,58
40,33
46,58
39,36
51,68
34,37
77,96
66,76
32,33
49,62
32,30
54,64
48,38
53,39
43,47
62,37
45,39
60,40
38,37
58,41
41,36
59,41
44,41
58,41
40,36
61,38
39,37
62,38
35,36
46,41
28,40
23,44
39,37
25,39
41,37
29,37
47,35
48,35
29,34
43,32
33,37
47,36
33,37
35,36
45,36
46,34
35,38
50,40
36,37
31,37
46,36
35,38
46,36
32,43
42,38
34,49
47,44
33,51
49,47
38,48
49,44
32,51
48,45
32,48
45,44
31,47
43,44
36,51
49,44
38,51
47,48
37,50
45,43
40,48
48,46
41,49
47,48
36,46
48,44
35,49
45,44
32,50
48,44
34,47
44,42
35,42
51,46
32,48
46,43
31,45
46,41
32,43
48,43
29,40
47,41
35,43
50,40
33,42
48,40
31,37
55,38
32,36
55,36
55,41
31,38
54,42
27,34
53,47
29,35
58,49
31,32
61,52
29,33
56,51
30,30
56,49
28,32
28,35
53,41
25,38
47,40
30,40
31,38
51,40
33,37
48,42
35,41
43,38
43,42
33,36
35,42
48,39
33,40
47,40
36,42
47,35
37,40
46,39
36,41
46,36
49,35
56,45
31,37
48,43
29,35
45,44
31,36
47,45
29,34
47,45
31,36
49,44
31,35
48,45
30,34
40,46
31,39
40,42
30,38
42,45
33,37
42,46
28,37
43,46
29,36
46,45
34,39
44,45
32,37
45,45
33,38
36,39
42,41
43,42
29,40
32,39
44,44
45,42
35,39
45,43
30,39
33,43
45,42
31,41
49,41
30,37
45,42
37,43
50,45
32,39
41,42
40,44
31,36
40,43
49,45
36,44
46,45
35,40
46,47
46,46
33,38
46,44
35,40
49,47
31,42
34,41
47,46
32,43
44,44
37,42
47,46
47,49
34,38
45,47
36,42
49,49
34,38
49,47
31,45
50,48
37,44
50,45
38,42
44,47
38,39
44,53
54,71
47,50
47,65
52,59
45,53
50,56
42,53
37,55
23,25
23,31
28,34
24,33
44,40
25,33
45,39
28,32
41,37
28,31
44,36
27,34
29,35
64,68
69,92
87,98
81,91
80,90
94,100
41,34
39,45
45,42
34,47
43,40
38,41
46,39
34,41
48,39
48,42
30,38
40,46
50,56
51,49
50,55
51,49
41,48
40,49
44,42
49,46
48,55
44,49
44,43
40,47
52,49
45,41
48,53
51,48
49,50
53,49
46,53
41,48
44,40
52,46
53,42
47,40
54,57
49,42
55,58
50,40
55,60
52,43
52,58
53,43
53,56
51,41
51,55
51,41
52,56
52,41
58,61
56,45
53,54
52,45
53,54
50,41
48,52
50,42
50,45
54,58
50,43
51,62
45,51
49,40
52,61
52,45
52,60
54,43
51,58
51,44
54,57
50,46
49,46
52,59
53,43
53,62
54,47
54,48
53,61
52,48
52,59
53,50
54,62
54,51
54,63
53,50
55,63
55,48
55,66
54,48
54,60
52,49
54,60
52,48
56,64
53,50
53,60
53,51
53,61
53,51
53,61
54,50
55,62
54,50
54,61
54,51
54,63
52,47
57,66
53,48
54,64
53,50
57,68
52,48
53,48
53,63
52,50
52,65
52,49
49,46
58,65
51,50
54,49
50,50
54,48
43,49
44,42
53,46
56,47
54,48
50,54
50,49
41,47
50,42
42,46
51,42
43,48
52,43
42,46
48,41
44,46
53,44
42,45
52,41
42,46
49,45
41,45
52,46
44,46
51,44
42,46
50,42
44,46
50,46
43,48
49,42
44,47
51,43
45,48
51,41
44,49
51,42
44,47
51,43
45,47
50,43
46,50
49,44
44,49
49,41
49,50
51,44
43,50
51,44
45,53
51,46
47,53
50,45
46,49
51,41
45,53
50,44
49,52
52,43
47,53
50,45
47,53
52,44
46,52
53,45
45,51
52,45
46,52
52,43
44,54
50,44
44,49
44,42
41,47
47,45
41,50
47,44
44,50
44,44
48,43
44,51
46,45
42,50
46,45
41,46
48,44
40,47
47,42
44,49
45,41
44,51
50,47
44,52
49,44
46,50
50,46
44,53
49,46
50,53
47,52
47,46
50,48
44,50
48,44
43,50
48,45
45,55
48,45
46,54
49,45
42,46
46,41
49,53
47,55
49,45
50,50
47,54
50,46
48,53
53,47
46,56
55,45
45,55
53,48
45,52
45,47
54,48
54,49
42,47
47,53
52,49
47,42
44,52
53,47
48,54
51,45
46,44
47,54
54,51
38,44
45,40
45,55
54,46
45,52
53,45
47,60
57,47
44,54
54,50
48,57
53,48
45,55
55,50
45,55
51,46
46,54
50,45
47,52
51,43
47,52
53,47
38,45
46,39
44,53
49,45
45,51
50,42
47,53
48,45
50,53
47,47
48,54
49,47
49,57
49,45
44,52
49,45
46,50
48,45
48,54
52,45
47,53
51,45
41,49
46,43
47,56
50,41
50,58
50,47
46,54
50,44
50,58
51,47
49,57
48,47
48,54
48,47
48,56
49,47
49,58
53,43
48,57
51,50
43,44
47,41
53,51
53,50
52,48
49,57
52,47
52,49
51,53
49,58
51,50
46,55
52,47
41,48
46,42
47,54
52,49
49,53
55,48
47,55
50,47
49,54
53,51
52,49
50,56
51,48
48,54
53,48
48,52
55,48
47,53
55,48
47,53
53,49
49,56
53,48
40,44
46,40
41,46
46,42
40,45
46,42
48,55
52,46
40,47
48,43
48,55
55,53
51,53
41,55
54,52
50,52
53,50
50,50
49,50
49,50
49,52
49,51
50,48
53,50
44,56
51,49
44,53
54,49
49,55
54,49
53,48
53,52
53,49
41,52
51,49
52,47
53,46
52,48
45,53
51,46
45,53
52,50
42,48
53,48
40,50
52,46
41,50
51,45
42,49
50,44
41,50
49,43
41,49
51,45
42,46
53,45
43,49
51,44
44,49
52,45
42,47
50,43
43,50
50,42
43,47
51,42
52,41
42,46
51,43
43,47
54,44
41,49
51,43
45,48
50,41
43,46
49,39
44,49
52,41
43,50
50,43
44,48
51,44
44,50
51,45
47,52
52,44
40,46
48,45
47,55
47,56
47,47
41,46
47,41
52,47
49,55
51,48
41,48
45,42
51,43
51,44
52,43
41,44
44,50
51,44
39,48
43,44
50,40
47,44
40,45
53,41
41,43
47,39
46,52
51,42
46,48
53,44
40,45
42,47
42,48
42,47
45,53
43,48
42,50
43,53
42,53
47,55
48,51
48,58
45,49
45,54
46,53
44,52
41,45
42,38
41,50
46,47
42,47
46,50
44,50
46,49
41,50
43,47
47,46
40,49
45,47
38,47
47,47
47,52
52,48
39,47
43,48
41,46
49,44
46,51
36,46
43,48
49,43
42,47
49,45
37,48
52,46
38,43
52,46
35,42
50,46
49,44
48,49
44,46
47,44
35,41
46,54
52,44
46,55
45,59
43,43
78,73
43,47
42,53
46,43
52,43
41,43
51,40
52,40
41,50
39,45
50,43
51,42
52,43
43,49
43,42
45,58
53,44
48,55
53,42
46,55
42,48
48,44
46,48
48,45
41,48
44,48
44,49
50,43
44,47
50,40
44,49
50,40
42,48
52,41
45,46
51,44
55,44
49,44
48,41
52,45
43,48
43,44
46,44
45,52
42,46
43,46
49,41
43,39
38,42
50,39
44,43
45,42
44,42
46,47
46,46
59,42
51,40
50,38
48,41
51,54
52,52
49,48
53,47
51,51
53,51
50,50
51,50
50,49
51,51
47,52
46,44
44,46
53,46
49,40
51,43
46,45
50,41
47,51
45,48
45,45
47,48
47,48
54,44
54,44
54,42
51,45
54,42
46,53
53,43
41,49
49,45
49,45
54,45
52,43
44,54
52,42
51,43
50,44
47,58
46,47
49,43
39,47
51,48
38,50
46,46
39,50
49,51
42,49
50,52
43,51
49,51
40,48
40,52
40,50
40,51
39,52
45,49
41,47
49,54
43,49
56,56
46,52
52,54
46,49
54,56
44,48
54,54
63,81
40,52
46,48
54,72
60,75
51,67
55,72
56,67
47,74
57,68
53,71
54,66
50,68
57,76
54,71
62,68
54,68
61,70
38,49
46,49
60,64
57,67
59,76
58,62
40,55
48,55
40,55
45,54
59,74
58,63
44,61
48,56
44,63
46,54
51,66
56,61
50,65
57,67
47,51
38,45
53,68
52,63
51,72
53,61
55,77
53,62
50,66
55,64
45,50
53,68
52,62
48,48
55,69
59,71
57,72
58,72
48,47
50,52
54,56
48,52
52,57
38,47
47,46
40,48
47,48
39,48
46,48
37,44
46,45
39,49
46,47
40,49
48,50
40,50
47,50
38,48
47,46
41,49
46,48
39,50
47,49
39,50
48,49
38,50
47,48
41,52
48,50
37,49
45,47
45,51
39,50
42,47
39,50
43,50
39,53
44,49
39,53
45,49
39,53
45,47
41,51
43,49
44,55
45,52
66,88
65,79
52,64
52,64
38,48
46,46
38,49
48,47
40,50
45,48
38,49
46,44
38,49
46,49
37,49
46,49
46,50
36,46
45,49
45,55
45,50
38,50
45,52
41,50
41,46
46,56
38,48
40,50
45,53
37,49
44,52
39,48
48,49
38,47
46,47
36,44
47,48
39,47
47,52
34,46
47,48
36,47
50,51
47,47
46,41
46,47
48,43
41,45
48,42
42,46
48,43
44,47
46,43
44,46
41,41
50,44
43,46
49,42
45,46
45,47
45,38
49,44
43,47
48,43
43,45
43,46
42,44
37,41
47,44
43,47
47,45
44,46
48,42
41,45
50,42
44,44
42,40
46,44
43,46
49,44
45,48
47,47
46,47
46,45
46,45
46,45
45,48
43,40
50,43
45,49
43,45
40,42
49,43
45,46
49,45
43,45
49,43
47,45
41,43
49,42
43,46
47,42
43,44
48,43
42,43
48,42
40,45
48,42
43,46
49,41
48,45
45,46
46,43
42,43
42,40
42,50
49,40
42,44
48,44
41,44
40,40
50,42
43,47
46,40
44,44
47,43
44,42
47,40
45,45
50,43
44,46
42,42
47,42
40,42
49,43
39,42
47,42
44,47
42,43
42,45
48,42
41,43
41,43
45,42
41,46
48,43
44,46
45,38
45,46
49,40
45,46
47,43
44,45
44,41
36,44
47,42
43,47
47,43
41,46
50,44
45,45
47,42
41,46
42,46
41,44
45,45
45,45
46,40
44,42
47,43
44,50
48,42
42,44
49,43
43,43
38,45
46,45
46,45
46,39
43,46
46,39
40,48
51,43
42,45
47,40
44,44
46,41
49,43
42,45
42,44
41,46
49,42
41,49
46,43
47,47
46,43
40,46
41,46
49,43
46,49
43,49
50,42
49,43
42,44
47,43
42,45
48,43
44,47
44,42
48,41
45,49
48,43
45,46
43,43
43,44
51,41
46,46
50,45
42,45
44,43
50,41
45,47
50,46
46,47
50,38
43,45
49,44
43,43
46,43
41,46
46,41
49,43
46,48
50,46
45,50
50,41
45,48
42,45
42,46
50,44
43,46
45,44
51,44
43,44
49,43
46,46
52,46
52,46
52,45
51,48
50,44
50,49
45,44
54,44
50,47
54,42
48,49
48,45
43,45
51,46
42,47
41,42
41,44
45,43
39,42
53,44
43,47
51,45
47,46
50,47
45,45
51,45
46,46
51,45
45,47
42,41
50,43
43,44
52,46
46,49
52,41
43,48
50,40
45,47
45,40
45,44
38,42
47,50
47,42
43,45
37,43
47,44
43,44
37,41
41,44
50,45
45,43
43,43
38,46
48,40
42,40
35,47
50,52
35,47
43,43
38,47
51,45
57,45
38,48
44,42
54,48
38,52
53,43
35,48
51,44
36,45
46,45
35,43
45,48
36,51
46,41
44,48
54,45
36,46
52,43
35,44
51,44
33,46
48,45
35,39
46,43
39,46
52,43
35,45
51,45
34,45
51,46
35,43
49,47
32,41
41,45
35,48
46,45
47,44
33,42
50,44
33,42
46,45
33,42
46,43
33,42
49,43
43,43
33,43
45,43
33,39
48,41
33,42
44,43
32,44
40,46
37,51
46,46
46,45
31,48
32,45
45,48
48,51
49,50
33,50
42,48
36,43
36,51
49,49
47,52
35,48
46,51
33,48
48,46
33,50
46,48
44,42
35,49
46,45
35,49
46,47
36,49
44,45
33,49
47,46
34,46
45,44
45,44
38,47
42,47
35,48
46,45
34,48
43,44
35,49
45,46
35,50
42,45
42,40
32,46
42,46
35,50
43,43
34,51
42,43
35,47
42,42
33,48
42,44
44,46
35,50
45,42
41,46
34,46
43,45
43,40
42,42
42,41
35,45
42,42
35,48
41,43
34,46
42,42
35,44
44,42
34,44
42,45
45,44
41,44
34,43
42,43
32,42
42,41
34,41
42,45
34,44
41,40
34,42
42,42
41,37
31,42
41,42
34,42
43,43
35,44
42,42
33,40
41,41
32,43
41,42
42,42
36,50
41,45
42,46
42,47
39,42
34,46
43,45
43,47
44,51
44,47
46,47
46,47
46,49
42,40
42,51
42,49
37,48
46,48
43,52
37,49
41,45
33,45
43,47
43,48
34,49
42,47
43,47
43,47
47,45
38,51
46,47
37,50
40,45
40,51
45,48
38,51
41,51
36,49
41,43
35,46
43,50
38,49
45,49
45,51
45,50
46,52
41,52
43,46
47,51
46,50
40,46
45,40
38,47
44,46
38,49
43,43
39,44
46,45
45,48
37,48
42,48
41,45
41,48
41,49
38,49
46,46
35,50
42,47
35,49
43,45
36,49
41,47
45,37
36,49
46,47
38,48
43,48
37,48
45,48
36,48
39,43
39,47
42,45
46,42
38,47
44,47
36,48
43,49
36,50
44,51
36,51
42,48
34,48
42,50
40,40
35,48
41,46
39,48
39,48
36,50
42,48
36,48
41,51
37,49
39,39
45,43
39,46
42,44
34,44
40,44
36,42
39,39
37,45
41,39
38,44
42,44
47,44
37,42
41,41
37,43
42,44
39,40
39,40
39,43
39,41
39,41
42,41
40,44
39,44
43,44
38,48
42,40
40,41
40,45
40,44
38,42
39,43
41,41
47,44
38,43
41,40
36,42
40,42
40,42
43,43
41,43
39,43
38,43
38,43
46,43
37,44
38,42
40,44
43,44
38,46
37,42
38,42
38,41
37,40
38,42
43,42
37,42
39,43
38,43
36,40
40,44
40,39
40,46
41,43
40,44
40,44
45,44
40,42
39,43
42,45
39,42
41,44
39,41
44,41
38,45
39,39
37,43
41,43
43,40
39,42
43,43
38,45
39,44
36,43
40,43
38,46
40,43
39,44
41,45
45,45
40,41
41,44
37,43
40,46
39,43
43,44
38,45
43,40
38,47
40,41
48,43
37,43
42,44
38,43
39,40
37,43
38,39
39,43
40,41
37,44
41,46
47,45
38,43
39,38
36,46
38,41
41,42
39,42
39,42
41,45
36,41
42,43
50,45
41,41
41,45
40,44
40,44
37,41
41,46
36,42
42,44
41,47
38,48
49,47
35,44
37,44
33,45
38,44
37,46
37,45
36,45
39,45
32,44
38,44
48,40
37,43
44,40
37,44
39,44
36,45
40,42
36,43
42,45
35,43
40,47
49,42
37,45
36,42
36,44
40,44
39,39
42,43
38,44
39,45
34,44
40,43
47,43
40,48
40,46
37,45
43,41
40,45
41,43
37,44
39,43
38,44
37,45
50,43
37,43
37,45
39,40
37,48
38,43
34,47
40,44
37,44
41,41
38,44
42,43
49,44
38,44
38,45
39,44
41,42
40,47
44,43
40,49
50,50
41,44
49,45
38,42
38,50
38,44
39,43
39,47
39,43
38,42
37,47
41,45
39,44
48,44
38,44
41,48
39,43
39,43
37,45
39,44
38,42
40,44
41,48
41,43
48,44
41,45
38,42
38,41
38,41
39,42
33,41
35,46
35,42
35,45
36,44
50,43
38,47
41,44
40,44
35,46
34,43
36,45
34,39
36,44
34,44
36,43
47,48
33,43
45,41
39,47
36,44
35,43
33,51
33,44
34,43
34,43
34,45
45,43
35,45
37,42
35,41
39,43
35,45
38,41
35,47
35,43
35,40
36,41
42,44
33,45
51,46
35,41
45,44
40,45
37,44
37,43
37,43
37,43
36,45
46,42
35,45
36,44
37,45
36,44
36,44
36,44
36,44
36,44
36,44
37,46
51,45
42,45
35,44
36,45
38,43
37,46
37,46
42,40
39,46
35,45
36,44
37,46
50,43
37,43
36,46
35,44
38,44
34,43
38,48
39,42
37,43
38,43
40,45
50,44
39,42
39,48
38,39
37,44
38,45
40,46
39,41
44,41
40,46
40,43
51,43
39,44
40,45
38,43
38,43
38,41
39,46
38,43
40,44
39,40
41,43
47,46
38,43
39,44
36,40
41,46
34,43
41,40
38,44
38,44
39,47
47,43
48,41
38,44
43,48
40,48
45,42
42,46
43,39
43,45
43,39
42,44
44,42
51,45
43,46
42,40
42,46
43,42
42,46
45,42
39,40
44,41
42,46
52,45
43,38
44,45
44,41
41,48
41,40
44,47
44,41
44,48
39,37
43,42
48,48
44,49
48,48
38,49
35,41
35,44
35,38
37,45
52,45
38,42
38,48
37,40
39,46
39,46
39,45
39,43
39,42
40,43
41,42
51,49
37,43
40,44
40,45
40,45
40,45
40,45
47,49
41,44
41,45
40,42
43,47
50,42
42,44
42,49
42,44
41,46
41,44
41,47
36,42
41,44
38,44
43,47
47,46
41,44
41,44
41,43
45,47
43,42
43,47
43,48
44,42
43,47
53,41
40,44
42,40
43,47
43,47
43,45
42,44
44,47
42,45
40,41
46,45
45,45
39,42
44,45
40,42
46,45
42,41
43,44
41,39
43,47
43,45
35,48
52,43
40,41
46,44
42,43
43,44
43,41
44,47
44,41
45,45
43,45
48,47
45,43
42,44
45,44
42,42
43,45
40,40
47,45
45,42
44,44
44,44
43,46
50,42
45,46
35,47
42,40
45,44
47,46
44,41
44,45
40,40
45,47
47,44
42,43
48,48
44,42
45,43
39,38
45,43
41,41
45,46
41,41
48,47
45,43
41,42
46,42
43,45
34,48
43,42
45,45
43,39
47,44
47,46
41,39
38,45
43,42
37,47
40,41
44,48
48,50
41,39
43,41
44,49
41,40
42,44
42,41
42,47
55,43
43,41
43,46
44,48
42,39
43,49
31,50
39,41
45,45
37,43
47,47
45,43
43,41
43,44
42,43
45,49
43,40
45,46
39,38
44,46
43,44
43,46
49,43
44,42
43,46
43,41
43,45
43,39
43,47
45,46
42,38
47,47
47,47
44,44
44,49
47,42
43,48
42,44
44,48
43,43
43,49
43,43
46,49
51,43
42,41
44,46
41,43
45,45
43,41
44,46
41,40
44,46
45,48
45,45
41,45
45,46
41,42
44,46
44,42
45,45
44,42
44,49
44,39
44,48
52,43
44,43
44,46
44,42
47,45
45,42
46,46
43,38
46,46
48,47
47,41
46,43
41,47
35,47
45,44
46,44
45,44
45,44
42,44
44,46
46,43
46,49
53,43
45,43
42,43
43,43
41,41
44,46
45,47
45,43
43,46
46,44
43,48
46,42
39,44
42,47
38,43
45,45
35,53
48,48
39,47
44,48
39,45
43,48
38,45
53,45
46,46
39,46
44,47
38,42
44,45
36,42
45,46
39,44
42,45
39,42
46,45
46,45
36,46
44,46
37,43
45,49
36,46
45,52
40,44
39,44
50,42
44,46
37,44
41,45
38,45
41,46
35,45
46,46
40,45
44,47
37,45
42,42
43,48
40,44
43,45
42,44
42,44
40,48
40,45
38,42
42,48
37,51
49,41
44,44
38,46
44,46
39,45
42,45
41,45
42,44
37,45
42,42
38,45
47,45
44,46
37,44
41,43
40,46
39,46
39,44
42,44
39,44
43,47
37,42
50,43
45,50
34,51
41,45
40,46
40,44
39,49
41,45
39,45
42,48
42,41
40,49
53,45
44,48
54,47
46,49
48,45
44,49
51,46
45,49
51,45
50,48
50,51
46,48
37,54
50,47
47,51
51,48
43,52
53,48
45,47
48,42
43,44
52,48
42,47
54,47
46,47
51,47
44,47
54,45
42,45
53,45
45,47
47,44
44,49
53,49
37,51
51,46
43,48
52,49
46,46
52,48
46,48
37,44
56,46
43,47
56,48
45,45
69,97
43,49
64,81
43,47
54,48
45,49
47,48
64,90
45,47
48,51
36,53
65,90
43,46
52,46
46,47
52,46
46,48
67,92
43,47
54,51
44,51
63,87
45,47
45,47
43,49
50,43
44,47
44,51
47,52
35,50
37,51
45,47
46,43
34,44
44,45
34,45
45,44
32,45
44,44
35,51
44,43
34,46
45,52
51,46
35,49
46,45
32,46
44,45
35,47
36,36
31,47
46,46
31,46
47,46
45,43
34,46
44,47
34,45
45,43
33,44
43,45
29,46
43,43
34,45
50,46
52,45
42,52
45,46
33,46
47,49
32,46
44,46
32,42
48,47
33,44
46,46
47,45
46,43
36,47
45,46
34,47
45,49
37,46
48,48
36,44
49,45
44,51
50,51
50,46
39,49
45,47
35,46
46,46
37,46
38,45
40,51
42,46
38,48
42,44
47,47
36,43
43,48
34,44
42,45
37,41
42,45
34,44
42,45
36,41
51,47
52,47
43,52
44,42
35,48
41,42
41,49
44,46
39,41
46,47
39,46
44,47
45,43
37,45
45,45
38,43
42,48
38,44
43,45
38,46
44,42
39,48
45,44
53,46
39,46
51,49
44,52
45,43
37,46
45,46
38,50
43,45
42,47
43,47
47,43
41,45
45,45
40,46
43,49
40,47
48,43
42,49
42,46
42,46
45,45
52,46
41,49
46,44
40,47
50,48
44,52
44,47
43,45
42,44
39,48
43,46
48,46
42,48
42,45
43,48
43,42
43,48
44,46
40,46
41,44
42,48
44,45
50,45
37,41
44,46
40,44
46,47
37,45
51,44
42,55
42,47
34,43
42,48
44,48
37,44
37,42
41,46
33,45
41,44
36,46
41,43
35,46
36,45
37,44
39,45
36,45
39,47
33,45
41,47
35,44
42,46
37,43
48,43
42,52
42,46
47,45
36,46
40,43
34,43
42,45
36,43
38,46
33,42
40,46
34,46
42,48
53,49
37,48
37,46
35,44
39,46
36,45
40,48
32,45
39,46
34,45
49,43
49,48
43,52
39,45
34,44
40,49
36,47
38,47
35,43
40,47
35,43
38,47
47,43
33,42
40,48
34,43
39,47
37,46
40,47
34,45
40,45
34,46
39,47
39,48
36,43
54,47
42,52
40,46
33,45
42,47
33,46
37,49
31,43
39,46
53,45
34,47
40,47
35,43
42,47
36,44
42,46
34,45
39,45
34,43
38,47
45,45
35,46
35,48
31,45
53,48
43,51
37,47
27,46
35,47
30,45
35,48
51,46
34,47
34,47
32,46
35,49
40,46
37,49
34,47
34,47
36,48
39,49
46,46
40,44
36,46
39,48
39,47
35,47
32,45
40,53
38,47
35,48
35,50
52,46
37,45
37,49
35,46
36,47
31,48
33,49
36,43
36,45
36,48
34,47
47,45
35,45
38,46
38,46
37,46
37,43
36,49
36,43
54,49
42,52
46,47
55,47
40,48
36,41
37,46
37,46
37,47
35,46
35,46
34,46
34,46
34,46
50,47
36,49
34,43
35,49
37,45
35,47
35,47
36,46
34,46
34,45
36,46
52,48
37,45
56,50
43,51
35,44
34,44
31,43
34,47
34,44
34,46
33,47
45,46
37,45
35,47
35,47
35,47
35,47
32,44
33,49
35,49
38,50
34,48
53,44
37,47
37,47
35,48
50,45
43,54
38,42
35,49
34,46
32,46
32,46
45,46
33,46
34,46
35,46
36,48
36,48
36,48
33,47
55,46
53,47
42,53
42,45
40,44
37,44
38,49
37,43
37,47
41,43
38,44
41,46
40,45
40,45
40,41
52,43
39,44
40,40
39,44
38,44
43,44
35,43
35,46
51,43
40,52
38,41
45,46
33,46
39,45
36,45
41,44
37,44
35,43
35,43
35,43
35,44
34,44
52,46
36,44
36,44
38,47
36,43
39,45
36,45
39,44
37,48
35,45
47,45
42,53
37,47
35,43
37,47
37,47
36,46
33,42
38,46
35,47
35,43
49,44
34,44
34,48
40,45
38,49
34,45
36,41
36,48
37,45
34,45
38,46
47,45
39,48
49,51
42,56
37,47
37,46
37,47
37,47
35,44
35,47
38,47
44,44
37,46
35,42
35,48
38,43
38,47
37,46
37,42
35,45
35,46
37,43
43,46
36,48
36,43
39,49
52,50
35,42
36,49
53,45
41,47
37,44
41,45
38,40
38,41
42,43
42,43
41,40
39,41
44,45
38,44
44,45
36,45
41,43
39,43
42,47
54,48
45,52
41,44
41,43
41,43
51,43
42,43
41,44
44,44
42,44
41,47
40,45
40,45
43,40
44,45
47,40
45,46
45,45
45,42
47,47
46,44
46,44
51,49
45,53
49,45
44,49
40,46
46,42
40,44
45,46
43,41
44,43
43,45
41,45
40,44
48,49
44,45
43,42
43,42
46,47
44,41
48,48
44,41
44,46
51,48
50,43
44,51
50,48
35,47
42,39
47,44
44,44
50,48
46,42
46,45
49,44
46,45
42,45
44,50
45,42
46,47
45,43
44,42
44,45
49,42
48,48
44,41
50,45
45,45
47,45
45,47
49,45
39,52
46,40
45,47
44,41
45,45
44,38
45,45
45,45
45,42
45,45
46,45
48,45
48,44
45,46
45,43
42,45
44,42
52,46
43,45
46,41
41,45
52,48
44,46
44,41
42,45
45,38
47,46
43,44
42,41
46,44
44,47
45,42
44,43
44,42
44,46
45,40
43,46
43,40
52,43
38,43
43,40
42,42
50,48
43,53
41,42
41,42
43,43
41,44
42,42
46,46
42,45
39,41
43,45
39,41
42,45
41,42
41,44
36,44
38,44
38,42
53,44
40,43
36,42
39,44
40,47
36,43
51,47
41,43
39,43
37,46
44,44
36,44
40,46
36,45
37,42
40,44
39,46
36,44
39,43
39,43
40,43
52,39
41,44
39,45
36,43
38,44
38,44
38,44
38,44
49,45
41,46
42,43
39,40
39,43
38,46
43,45
36,43
39,45
35,42
37,43
42,46
41,46
49,42
37,44
39,43
41,41
40,43
38,43
38,43
38,43
43,46
40,44
50,43
44,44
40,50
39,45
40,43
39,44
38,41
36,48
39,44
38,43
41,45
41,45
46,41
38,41
38,47
39,45
39,42
40,42
41,47
43,47
41,45
40,45
40,48
40,43
41,43
41,47
51,45
45,51
40,45
40,46
37,44
39,45
38,47
43,47
43,47
50,46
40,44
40,47
39,45
39,45
38,43
38,49
40,44
41,48
40,45
36,43
48,46
41,44
39,45
39,47
41,49
41,45
39,47
39,42
41,48
48,45
43,44
40,45
45,45
35,46
40,45
38,45
38,44
40,47
40,46
40,50
45,44
41,48
41,46
38,46
38,46
45,44
48,47
38,50
39,49
40,43
40,46
51,46
42,46
45,47
38,41
41,47
39,43
39,47
39,44
39,47
39,45
39,49
44,44
39,43
41,48
41,41
40,44
37,45
40,48
40,45
48,50
54,39
39,48
40,46
40,43
39,46
39,46
39,46
39,45
41,48
41,44
40,47
42,43
42,48
41,48
42,43
41,45
39,45
53,46
45,49
40,45
46,50
45,43
45,44
46,48
46,46
46,45
39,43
36,49
47,46
46,44
45,44
46,43
48,47
46,42
45,48
44,42
46,46
47,52
52,43
45,44
45,44
46,47
46,47
47,48
46,45
50,44
48,49
50,42
44,42
49,54
47,42
51,50
49,47
49,47
54,48
52,49
49,45
47,50
51,46
51,44
46,47
54,48
48,48
53,48
47,47
44,42
51,45
45,48
53,48
46,46
48,51
51,51
49,49
52,46
47,49
54,48
45,48
51,45
44,52
53,47
50,42
50,50
54,46
49,51
53,48
48,51
54,46
49,50
42,39
54,45
45,45
44,48
55,47
45,50
53,46
47,49
52,46
47,50
53,46
44,48
56,47
50,41
48,52
50,50
51,46
51,54
51,48
47,51
50,46
48,48
43,43
47,49
51,49
46,49
52,50
49,49
52,49
49,51
53,48
46,51
54,48
47,46
50,44
52,46
45,52
52,46
45,46
53,48
49,49
45,52
49,45
54,47
46,48
42,44
40,49
46,44
37,51
51,46
47,48
49,43
49,48
57,50
48,46
55,48
48,49
49,44
49,47
45,46
48,52
50,46
52,45
46,48
48,44
49,51
49,46
48,47
45,49
52,44
47,51
43,45
34,54
54,45
49,50
51,46
49,51
52,46
46,51
55,45
55,50
48,48
54,43
45,50
47,46
48,48
50,48
50,48
49,46
47,48
49,44
50,46
48,48
51,44
46,49
44,44
34,49
49,47
39,50
51,45
44,48
51,43
41,52
44,48
52,50
42,50
41,47
44,49
45,45
44,52
51,46
42,47
50,46
45,50
35,49
49,47
47,46
49,45
45,46
38,52
39,54
48,45
40,44
41,52
39,51
40,57
54,48
42,52
42,46
39,52
42,52
41,51
49,43
42,46
43,58
43,48
42,55
52,42
44,46
35,50
44,50
44,44
43,48
35,48
53,43
47,43
43,50
37,49
55,47
44,44
45,51
37,49
51,45
39,48
35,48
45,45
51,46
35,43
38,52
42,46
50,40
37,51
39,41
37,44
39,40
36,41
37,43
38,43
38,43
50,47
38,46
40,40
40,41
38,42
38,42
38,42
38,48
40,43
37,46
38,40
45,42
36,42
42,48
34,50
40,40
38,40
39,44
40,44
36,42
40,47
43,43
43,45
38,48
39,43
37,43
37,39
40,47
39,36
40,48
40,42
40,44
40,41
51,45
38,44
43,47
42,37
44,47
36,50
39,43
43,47
42,38
42,46
38,44
48,51
43,43
35,40
39,39
36,42
40,40
37,39
43,45
37,42
41,43
37,42
49,44
40,44
39,41
41,43
41,42
40,42
44,48
36,50
58,49
38,40
47,44
41,42
43,41
35,33
35,41
41,45
36,41
42,42
34,42
43,43
36,42
51,42
40,42
41,40
40,40
35,39
45,39
38,42
41,39
38,41
44,39
41,49
44,42
43,43
34,49
37,42
41,43
36,39
41,41
37,41
42,44
38,41
40,39
38,42
52,42
42,41
36,36
42,40
38,43
38,40
38,41
38,41
38,41
41,46
38,41
46,42
36,41
43,45
35,50
36,39
38,42
39,40
36,41
36,43
40,43
38,40
51,43
39,42
35,41
39,43
40,44
38,43
34,40
41,43
36,41
39,45
39,42
47,42
38,43
39,44
34,43
45,48
36,50
36,41
38,44
34,43
39,44
37,43
52,43
37,45
38,43
38,43
38,43
38,43
35,42
35,43
34,43
35,44
35,44
45,46
36,45
36,41
37,45
36,43
39,47
44,47
39,49
38,44
36,46
37,44
53,43
38,46
36,42
36,42
36,43
36,46
37,41
37,46
35,43
36,42
36,42
44,43
39,43
36,41
39,41
36,42
38,41
36,41
41,42
45,48
36,48
37,40
53,43
40,42
34,41
36,42
38,44
38,44
38,44
38,44
38,44
38,46
37,44
46,45
37,47
38,45
32,43
40,43
39,45
37,44
33,42
39,44
35,38
38,42
46,50
51,47
36,51
36,43
40,43
34,44
36,45
35,46
36,47
36,47
35,46
34,41
43,45
31,48
34,45
36,44
37,47
37,47
34,42
36,49
32,39
32,45
34,45
53,45
34,46
43,49
34,50
36,43
35,43
32,43
35,45
35,41
34,47
33,44
44,49
33,50
34,43
37,51
32,43
34,48
35,42
36,47
36,46
36,48
33,42
46,41
36,45
35,40
34,46
44,46
38,49
35,45
32,39
36,46
36,46
36,47
42,47
32,47
38,44
37,47
34,45
36,46
32,43
36,46
33,42
36,48
34,45
50,43
36,46
35,45
38,45
32,46
39,46
44,50
40,45
35,46
35,46
35,46
45,46
38,48
38,49
36,44
32,45
34,47
32,46
36,46
34,46
38,46
35,47
51,41
36,42
37,47
38,48
35,45
37,48
35,47
36,44
43,46
37,48
46,47
46,46
42,46
52,48
46,43
51,46
48,46
54,45
45,42
55,45
46,44
50,46
44,41
37,47
51,42
46,45
53,46
43,45
52,46
50,45
45,37
44,47
49,43
49,43
44,43
53,45
50,45
50,43
44,47
50,44
49,47
51,45
47,45
52,38
44,48
38,44
52,42
47,42
52,43
48,44
50,45
50,45
44,42
41,42
46,38
42,46
42,41
37,43
49,43
42,43
44,44
41,41
45,42
39,45
43,39
38,43
45,44
43,48
37,47
43,41
36,44
43,43
45,45
43,43
39,43
45,46
39,42
43,46
37,44
45,44
44,39
39,43
46,45
39,42
41,43
42,43
43,43
40,42
45,46
36,42
40,43
45,42
40,45
43,40
40,42
43,43
39,41
45,44
35,44
42,45
37,40
44,43
42,46
37,41
43,40
40,50
43,46
48,45
36,43
44,46
37,42
49,46
44,45
40,41
47,45
40,44
43,45
40,43
47,47
40,43
45,47
39,43
40,43
43,46
41,42
44,44
41,44
40,42
37,42
41,39
38,48
41,44
36,43
40,42
42,42
39,42
43,48
38,44
40,46
36,45
42,45
37,42
42,43
40,44
43,40
45,45
38,43
41,43
38,43
43,45
37,43
41,46
35,43
45,40
42,48
39,44
41,44
38,41
45,45
35,42
44,43
39,46
38,44
38,43
39,45
37,40
44,47
40,46
46,46
33,43
42,44
35,42
42,44
35,42
45,44
37,43
37,43
37,44
40,43
45,40
40,47
42,44
33,44
43,43
33,43
43,41
38,43
44,43
34,45
43,44
42,44
35,43
43,43
36,44
41,41
38,42
44,45
37,44
42,44
36,41
38,41
44,44
35,43
50,42
42,45
42,45
36,45
39,44
34,43
43,45
36,44
42,42
43,47
37,42
42,46
37,44
43,45
35,43
40,44
35,44
41,45
34,44
40,40
44,48
37,47
37,44
36,44
44,44
42,46
41,46
37,43
40,43
37,41
38,40
41,45
37,39
41,46
37,34
38,47
39,42
43,46
37,40
41,45
37,40
40,43
42,45
34,40
43,46
34,39
39,45
36,40
43,39
40,43
40,45
34,40
41,44
41,44
36,38
36,47
37,39
40,46
35,39
40,45
39,42
41,46
36,40
40,40
41,46
35,39
41,46
39,39
44,45
36,38
41,43
34,37
46,41
41,41
42,43
42,41
41,43
35,34
42,44
35,39
41,40
39,39
41,45
39,41
39,46
37,36
38,42
46,50
38,44
44,47
38,44
42,44
62,69
41,44
48,41
42,45
44,47
38,41
43,46
38,41
43,46
35,41
41,46
39,39
40,46
43,49
37,40
41,48
37,40
48,46
42,38
41,43
37,40
43,44
36,40
36,38
40,44
38,40
48,41
39,45
43,44
36,41
40,42
37,39
45,44
37,41
41,45
41,44
36,42
42,44
38,41
41,45
39,40
42,47
38,41
42,45
36,41
40,37
43,45
38,38
42,42
39,41
46,41
41,45
49,43
41,46
35,42
47,43
38,42
38,38
38,43
38,39
41,44
38,37
41,44
37,42
41,47
41,44
39,41
40,46
37,40
40,47
39,41
41,45
38,41
41,45
36,41
47,41
38,42
40,42
41,43
37,43
41,43
38,40
39,44
40,37
40,45
38,45
38,42
35,45
42,45
37,45
42,47
35,45
42,45
35,48
43,44
34,48
38,48
34,45
42,51
35,46
39,38
47,41
41,43
40,47
35,47
37,48
37,47
42,46
37,45
43,48
35,48
41,44
38,48
36,52
38,39
44,40
43,46
44,41
42,40
46,42
43,42
43,43
46,46
48,35
45,45
41,48
40,34
39,44
39,45
39,52
37,44
38,43
38,43
38,43
42,43
42,43
38,47
38,44
38,44
37,39
37,39
37,40
40,42
41,44
43,37
42,44
42,42
37,36
39,42
39,42
42,47
43,42
43,44
38,43
42,46
43,44
43,44
42,38
39,38
42,45
42,41
45,43
42,40
42,43
42,43
42,43
41,40
42,42
42,46
39,40
40,42
39,40
44,39
42,40
42,42
43,39
44,45
41,40
44,40
45,45
43,39
41,44
43,40
42,43
45,39
41,42
44,39
42,41
40,43
44,39
41,41
42,40
42,41
42,41
46,42
42,41
42,47
40,40
42,40
44,46
42,41
44,43
44,43
43,45
44,42
45,44
45,42
44,44
45,43
45,40
42,40
44,41
42,45
44,43
44,43
44,38
42,44
41,41
41,40
40,46
40,39
42,45
42,41
44,43
44,39
41,44
42,39
42,45
42,45
42,40
42,48
45,40
41,46
44,44
45,44
41,44
33,44
42,42
49,43
43,39
43,46
44,39
45,46
50,40
47,47
47,40
46,45
46,40
46,44
43,44
39,44
49,41
46,48
45,41
46,46
49,37
47,46
46,41
45,45
46,39
47,42
41,40
44,42
40,44
45,40
47,47
48,41
44,47
48,40
44,44
50,44
44,46
45,42
45,42
45,44
47,44
45,47
49,41
43,45
50,44
44,43
47,41
43,45
42,41
46,40
44,45
40,39
41,43
49,45
43,44
44,44
42,44
48,41
43,47
41,41
51,44
45,47
48,42
43,45
49,43
43,45
48,44
43,47
47,43
44,47
41,41
46,45
43,47
45,43
43,43
39,42
39,42
43,44
46,38
49,44
44,44
40,44
48,41
43,47
49,43
43,44
46,45
45,42
48,42
43,46
48,45
46,45
43,44
47,44
43,44
51,45
45,43
48,45
45,46
43,43
42,43
46,43
48,43
42,44
48,43
45,47
46,42
43,46
51,42
42,45
48,44
42,42
48,41
43,44
41,40
49,44
40,43
48,45
43,44
49,43
43,44
46,43
46,45
40,41
43,44
43,42
42,40
45,47
41,40
39,34
38,35
36,42
39,37
40,38
36,37
38,39
38,38
36,41
35,40
36,39
36,43
41,36
33,37
36,41
33,40
39,37
37,41
34,34
37,38
35,40
35,39
35,47
36,45
39,37
35,43
40,37
42,41
39,41
37,36
35,39
38,37
33,38
36,37
39,42
38,39
36,42
36,38
39,37
35,38
33,38
41,36
33,37
33,36
38,42
35,42
39,38
39,39
35,37
38,42
36,34
34,42
36,35
39,39
37,43
34,40
34,34
38,40
36,43
37,34
35,41
38,40
38,39
42,40
37,36
41,40
38,36
33,35
41,42
36,39
49,47
35,33
46,42
37,36
55,50
37,33
47,48
31,31
51,48
46,51
50,53
45,46
43,46
43,50
47,51
38,44
41,49
37,46
37,42
37,41
26,28
41,45
27,31
39,39
28,35
43,43
31,34
41,40
35,37
38,35
34,38
33,38
37,39
33,41
39,37
39,39
37,35
32,41
33,34
37,43
44,44
35,35
39,44
38,32
41,42
32,31
38,44
34,36
37,43
33,31
38,36
37,46
31,30
38,46
30,29
39,49
38,50
47,47
44,48
42,38
42,41
36,34
40,38
35,37
41,41
41,35
33,41
41,37
36,42
40,35
37,39
36,42
36,43
40,34
40,39
35,38
40,41
40,48
38,43
50,45
41,43
41,44
44,38
45,44
39,41
38,34
41,35
36,42
44,34
39,41
40,33
37,41
40,44
35,38
38,41
41,38
32,37
39,46
38,41
35,36
36,41
35,36
34,43
37,36
36,43
39,36
36,38
39,45
34,41
34,35
34,41
35,29
39,43
33,33
35,41
30,37
41,43
31,37
37,37
26,34
35,37
29,34
29,40
29,41
28,36
30,41
32,36
32,37
28,34
30,36
32,37
36,39
40,45
41,48
35,37
39,45
35,36
36,45
33,33
36,38
33,38
33,38
35,41
32,39
32,28
35,31
34,38
30,37
35,36
34,40
34,35
34,35
33,38
33,32
35,40
33,37
39,38
35,36
33,32
31,36
34,38
34,38
34,33
34,41
32,38
32,34
34,37
33,37
34,35
36,39
34,35
33,32
34,35
34,38
32,40
33,31
32,39
37,38
28,37
36,35
32,37
36,36
29,37
37,35
31,39
39,34
31,41
42,38
35,36
29,35
31,40
40,36
34,33
32,37
38,38
27,37
36,35
29,35
37,36
29,38
40,36
30,36
44,38
31,37
28,36
30,39
41,39
34,39
46,43
43,41
35,35
41,39
39,37
41,39
38,39
41,44
35,35
42,45
39,37
45,47
38,33
42,43
38,32
41,40
35,35
39,42
37,38
44,43
35,36
42,43
35,35
43,44
33,36
41,42
36,34
44,44
37,34
46,46
35,34
46,46
36,34
45,44
33,36
43,45
34,33
41,44
32,33
40,43
35,34
39,42
32,34
45,45
33,33
49,46
47,47
37,37
34,36
31,33
42,31
51,37
44,39
48,38
38,33
46,36
47,39
41,43
46,42
43,41
42,44
49,52
36,48
41,50
42,45
43,47
44,47
44,47
37,44
44,45
39,46
45,47
40,43
46,47
49,39
42,38
51,36
43,36
60,48
52,48
39,35
32,33
47,46
56,49
41,40
53,44
51,41
49,44
49,44
54,46
34,30
45,37
49,46
44,45
35,33
43,38
39,34
44,43
37,31
27,33
40,37
38,36
38,37
38,40
44,41
36,36
40,41
39,36
40,44
39,33
43,37
37,37
38,38
33,37
32,33
29,38
34,37
30,39
35,36
40,36
38,46
33,39
33,48
34,34
24,44
32,41
31,46
39,49
42,38
32,42
48,43
31,45
45,45
30,37
37,43
42,49
29,43
42,44
34,41
38,45
40,44
40,44
27,36
34,36
37,41
40,45
29,35
39,40
40,52
34,45
46,44
33,39
27,37
38,43
33,36
42,44
32,38
42,46
25,33
45,43
30,36
47,43
36,36
47,43
37,40
37,38
43,43
38,37
49,40
41,40
28,29
42,36
44,40
35,38
40,37
48,35
41,32
44,35
35,38
42,34
47,38
54,44
49,40
46,43
52,46
47,39
52,46
48,34
50,43
51,38
53,47
48,33
47,43
57,45
44,44
57,49
44,42
59,52
45,43
49,45
44,41
39,39
51,45
43,41
53,45
40,40
44,43
51,45
58,41
43,38
45,40
56,48
57,47
41,41
52,47
39,44
50,46
52,47
49,43
39,35
52,44
42,36
53,47
45,39
55,46
43,40
29,38
56,43
37,40
56,44
44,35
50,42
37,41
42,35
55,39
56,47
48,42
43,39
47,47
53,45
59,47
43,42
47,38
50,39
48,39
40,45
45,40
47,45
45,37
44,40
49,43
39,39
43,47
41,35
47,40
39,33
46,38
46,37
44,40
49,45
40,37
53,41
44,36
40,36
38,34
43,39
43,38
51,40
68,82
41,33
40,40
47,39
47,43
40,39
51,41
52,41
52,39
46,39
38,35
45,43
47,40
41,45
44,41
66,79
64,82
32,32
35,38
28,42
39,39
38,35
47,38
47,48
41,39
45,46
42,39
40,41
52,48
50,42
49,44
37,37
43,47
54,49
47,41
44,39
22,29
37,31
42,50
36,39
43,43
53,45
49,50
39,33
43,45
36,36
41,36
49,47
41,39
49,43
43,47
46,50
44,40
49,46
43,50
45,49
38,39
48,45
43,37
35,48
45,37
51,57
41,31
43,38
43,44
35,39
46,41
45,38
50,42
33,37
46,41
41,35
36,41
46,33
46,50
44,39
43,39
43,40
46,46
38,43
44,40
43,37
45,40
48,40
56,42
42,42
51,42
35,39
46,42
44,43
42,42
30,36
38,35
49,35
34,39
40,42
36,40
49,48
49,43
34,35
50,43
35,35
48,40
33,37
45,44
35,42
36,39
46,42
47,42
53,45
41,41
34,42
50,45
45,48
50,47
34,36
47,42
32,36
44,39
31,34
41,39
46,45
46,37
36,40
46,42
29,35
48,43
27,34
50,43
30,37
38,37
43,42
43,44
31,39
42,50
48,50
35,42
31,45
35,44
34,41
51,44
33,37
47,41
43,45
30,36
46,43
30,32
49,45
45,40
74,68
52,47
42,46
53,37
51,36
35,37
35,36
34,40
42,44
30,35
37,43
34,31
38,41
58,43
35,30
41,42
29,30
38,43
32,41
42,37
33,36
38,44
36,34
38,38
36,44
38,40
38,41
28,37
41,41
32,38
35,37
34,42
32,39
45,46
39,50
37,38
54,57
32,38
37,36
48,43
36,34
23,26
43,32
46,34
28,25
40,47
31,32
49,52
60,49
49,45
49,51
36,45
41,51
41,51
48,40
42,52
26,33
33,32
44,41
63,42
43,29
49,32
47,34
54,34
54,39
40,39
54,33
65,36
32,33
42,53
43,48
42,53
43,51
37,53
40,56
39,54
39,59
38,54
46,54
56,36
41,54
44,47
38,51
29,41
53,54
36,42
42,47
39,44
42,46
45,47
36,42
39,45
43,43
39,43
43,43
37,45
43,46
39,42
44,45
38,44
43,45
43,47
33,43
34,42
40,46
44,43
34,43
36,43
39,46
34,44
42,46
44,46
35,42
35,43
45,46
45,48
33,42
35,44
43,44
33,41
42,45
33,41
41,47
32,43
41,47
34,45
46,42
39,41
44,49
33,42
41,46
41,46
34,42
36,42
41,46
36,43
40,47
32,42
37,44
33,42
42,47
36,43
40,45
42,46
36,44
38,43
42,46
33,43
37,45
33,42
39,47
36,43
39,43
38,40
40,43
36,42
42,44
36,43
40,43
40,48
35,43
35,43
40,45
34,43
37,44
37,45
36,44
35,44
40,44
35,41
42,42
42,44
33,42
39,45
38,45
38,45
34,40
40,45
35,42
35,42
39,44
43,47
33,42
38,46
34,44
35,44
40,47
36,45
37,45
39,46
34,43
36,43
37,45
41,49
35,44
33,43
39,45
40,46
35,43
35,43
37,43
37,43
37,43
38,43
36,43
33,42
37,45
39,46
34,43
40,45
34,41
41,45
34,41
41,44
36,42
39,45
32,41
39,47
31,43
36,45
31,41
35,44
37,45
38,47
29,42
31,43
35,47
31,45
32,45
37,47
33,45
35,46
30,44
30,44
34,45
34,45
31,45
33,45
33,45
29,42
35,45
37,47
32,44
32,44
42,45
29,42
37,46
28,43
42,44
33,41
45,44
30,46
42,45
34,41
39,43
31,43
39,47
35,42
38,45
32,40
42,44
33,41
38,44
31,42
42,46
33,44
37,44
30,42
42,45
35,43
38,44
33,44
37,41
33,42
35,42
34,44
36,42
32,43
36,43
34,42
36,43
29,43
39,45
31,40
37,47
33,44
36,44
30,44
38,41
31,42
36,44
35,43
37,42
33,40
32,42
32,41
32,41
35,42
35,45
35,45
35,45
33,47
34,41
33,43
33,44
31,44
30,41
33,41
33,42
35,41
29,40
32,41
29,42
30,41
34,43
31,45
37,42
33,42
34,47
27,41
32,42
32,42
32,45
33,41
34,44
34,42
34,43
34,45
35,44
35,44
34,39
33,39
33,40
33,40
33,44
33,36
36,41
37,41
30,40
33,45
33,39
34,42
30,41
32,43
37,39
33,41
35,44
32,42
32,42
33,43
33,43
36,43
36,42
36,42
37,44
37,44
36,41
36,41
36,42
36,42
36,42
37,42
34,41
38,42
33,44
36,46
36,47
39,44
36,44
40,46
34,41
39,45
34,42
36,44
33,42
34,42
34,42
37,44
35,41
37,44
35,39
35,41
33,39
34,40
34,39
37,43
34,39
37,42
36,43
39,46
34,39
40,42
34,39
42,43
35,38
39,43
35,41
39,43
36,41
39,43
37,41
36,43
33,42
36,43
32,40
37,44
33,42
37,44
33,41
38,43
34,42
42,48
34,43
36,44
32,41
39,46
35,41
40,44
34,41
40,46
35,40
41,47
36,38
40,45
35,42
41,46
35,44
41,44
35,41
37,41
34,41
40,44
34,41
37,44
34,42
37,42
35,42
39,44
34,41
34,40
38,44
33,43
39,44
41,44
34,39
42,43
35,40
40,44
34,41
41,46
35,40
35,39
40,41
41,45
34,38
35,42
39,42
39,42
35,41
39,41
36,42
41,42
37,38
41,43
35,41
40,44
33,38
36,39
41,42
31,38
41,41
41,43
34,38
40,41
35,40
40,42
35,40
42,46
36,41
36,41
38,43
41,46
36,40
41,43
36,41
37,41
39,44
40,44
37,40
37,42
34,42
34,42
40,44
36,40
43,45
36,41
41,44
42,49
36,42
36,42
40,44
36,43
41,46
44,44
33,40
41,43
32,42
33,44
41,44
37,43
43,43
36,42
43,45
35,43
44,43
34,41
43,44
34,43
43,41
35,41
41,44
35,42
41,44
35,43
42,45
42,46
36,39
35,40
44,44
42,43
34,41
35,41
43,44
36,42
45,44
35,41
38,45
36,44
39,44
36,43
45,41
32,40
36,43
34,43
44,45
45,44
34,40
41,46
32,41
33,41
43,43
36,42
41,44
34,39
43,44
35,40
43,45
34,40
43,45
33,41
40,43
37,43
42,44
34,42
42,45
35,44
40,44
32,44
42,41
36,41
43,44
34,44
42,45
34,44
42,43
33,40
41,42
28,37
44,36
30,35
45,38
25,36
46,38
30,37
29,36
28,34
30,36
28,39
30,39
30,39
30,39
29,39
30,40
31,40
33,40
27,38
43,36
30,37
40,40
28,40
41,37
31,37
40,37
28,36
40,36
27,40
40,39
27,36
42,35
30,33
43,37
25,38
45,37
26,35
43,38
25,41
41,36
28,37
43,37
30,37
45,35
30,38
41,37
25,39
40,38
27,37
43,37
23,36
43,35
31,37
43,37
30,37
43,36
29,36
45,34
28,37
43,36
28,37
40,35
27,35
42,36
27,37
43,35
27,37
46,34
29,36
42,36
29,36
44,35
31,36
40,37
28,39
45,33
31,36
45,35
30,36
42,36
28,36
49,35
33,37
43,35
32,35
46,33
36,38
48,35
34,39
49,36
36,36
48,36
36,37
50,35
35,36
50,36
34,38
50,34
38,34
50,34
37,37
50,37
35,36
48,37
39,37
49,39
36,40
46,37
36,37
46,37
34,38
47,37
33,35
47,38
35,35
47,34
34,36
46,36
34,36
43,37
33,38
47,35
32,39
46,36
36,38
44,36
30,39
43,35
30,38
46,38
29,35
41,33
24,37
38,37
24,37
37,36
24,36
38,36
24,37
35,37
27,37
33,35
26,37
36,34
27,39
42,36
30,41
36,37
23,43
35,36
22,45
34,38
25,42
33,34
26,44
32,36
23,43
33,34
25,44
33,35
26,43
36,33
26,43
31,35
26,44
35,35
25,42
34,31
28,44
34,34
27,41
36,34
25,43
35,32
24,43
33,33
24,42
36,36
24,42
34,33
25,40
34,36
26,43
37,32
27,43
37,35
24,43
33,37
23,40
35,36
26,42
35,39
26,39
42,35
34,37
48,34
33,37
52,33
32,37
48,33
33,36
53,35
35,34
50,37
37,37
52,36
38,33
47,36
34,33
50,36
36,36
49,35
33,35
52,36
35,37
50,34
33,37
51,35
35,37
51,35
32,36
49,39
32,38
51,38
33,35
52,36
49,35
32,37
40,37
30,38
41,36
31,40
39,37
32,41
42,40
34,44
43,38
30,41
40,37
30,39
43,39
30,40
41,39
31,39
40,35
30,37
43,37
29,38
42,33
27,40
44,35
26,37
46,36
26,38
45,35
28,38
41,35
28,37
43,34
26,37
41,36
28,36
42,34
25,37
43,36
27,39
43,35
23,36
44,36
28,37
43,33
33,35
51,35
36,35
52,35
36,37
50,33
34,36
49,36
34,35
49,37
33,34
52,36
35,35
51,36
33,36
50,33
34,37
52,34
33,35
47,32
34,35
46,34
33,35
48,34
35,34
47,36
33,34
46,34
33,32
48,31
39,33
46,34
31,34
44,31
27,37
45,35
35,35
43,35
29,37
43,36
32,38
45,38
31,37
44,31
30,37
43,30
28,35
42,33
26,39
43,31
25,35
44,32
25,36
40,35
24,39
37,35
23,37
39,37
21,37
41,33
18,38
40,33
19,36
33,37
21,38
34,39
19,39
34,39
19,38
32,35
18,41
32,36
18,40
31,35
19,39
34,39
17,38
32,37
17,39
29,39
21,39
34,36
23,39
33,38
23,41
33,38
21,41
33,37
23,41
31,38
22,41
31,37
20,44
34,39
24,44
33,37
24,42
37,31
29,44
29,33
26,44
28,36
27,43
28,35
27,41
31,33
28,46
31,34
30,42
30,34
29,47
30,34
30,48
31,34
30,43
30,33
31,44
29,33
31,48
33,33
31,40
31,34
30,40
30,36
30,44
30,31
28,42
31,29
30,42
31,34
31,45
33,31
33,44
30,34
27,41
32,31
27,46
31,34
31,43
32,35
28,47
28,33
27,41
40,35
35,37
47,31
36,36
55,38
38,37
56,36
31,34
49,38
36,37
54,39
57,42
33,36
54,42
32,35
53,41
31,35
55,43
31,35
54,41
30,33
54,40
29,34
56,43
25,37
56,40
28,33
58,40
31,36
59,44
31,33
34,34
54,38
57,40
33,32
36,32
54,39
31,33
54,39
20,36
43,39
28,35
45,38
28,35
42,36
26,36
45,36
29,39
42,35
29,37
41,36
29,36
43,34
33,38
44,35
28,37
48,31
32,40
46,33
33,34
42,35
31,35
45,32
32,33
41,33
27,35
41,35
29,35
44,34
44,39
31,38
46,37
30,38
46,36
30,40
42,37
32,38
38,38
33,40
43,36
32,39
43,38
33,38
42,36
32,38
42,35
30,39
43,36
31,39
39,33
32,38
38,38
29,39
38,32
29,40
43,35
31,38
41,35
32,40
44,34
32,39
44,34
33,39
42,36
32,38
42,34
32,39
40,35
28,39
38,33
32,41
40,34
31,40
37,37
33,38
39,34
31,41
41,36
30,38
40,37
30,39
40,36
31,37
41,31
31,37
40,34
31,37
40,34
31,36
39,33
36,35
40,34
32,36
38,33
30,36
44,32
32,34
41,33
32,34
41,34
33,36
40,34
32,37
41,30
33,39
39,34
34,37
41,31
33,39
37,32
30,42
40,33
34,37
38,36
30,42
38,33
30,36
38,32
31,37
39,34
31,38
38,32
28,34
39,31
27,37
35,32
30,35
39,30
28,35
38,33
28,36
37,33
28,36
36,31
27,38
37,30
27,35
36,31
28,35
34,32
27,36
36,29
27,36
37,32
28,38
39,32
28,35
38,33
27,37
37,34
25,38
36,33
25,37
36,34
24,38
35,34
25,42
35,35
24,41
35,35
21,39
36,34
41,34
35,37
50,35
39,36
49,34
35,34
51,38
34,35
51,39
32,35
50,36
31,37
52,41
36,37
52,38
36,38
50,39
33,36
52,41
33,34
52,38
36,35
51,37
36,38
49,38
32,39
50,39
37,35
51,36
35,36
48,39
34,35
51,38
32,30
51,38
34,37
53,37
49,43
37,37
38,38
53,40
37,37
54,40
34,33
52,43
35,36
49,38
38,35
49,39
34,35
50,42
32,36
51,39
35,35
52,38
38,36
54,40
33,33
51,41
34,37
51,42
36,36
53,42
38,36
51,40
37,37
51,38
36,35
54,43
34,36
55,38
37,34
54,39
36,35
52,39
34,36
53,39
34,38
52,40
39,38
37,38
54,38
32,37
54,39
34,35
54,34
34,36
55,35
37,35
53,36
33,36
56,38
35,33
54,36
34,37
55,36
34,34
56,37
33,34
56,34
36,34
53,36
33,34
53,34
34,34
53,34
36,35
57,41
22,40
18,40
35,39
20,42
32,39
22,42
33,37
24,43
31,39
26,40
31,34
27,46
33,35
28,45
33,35
27,44
33,35
29,45
29,35
28,47
33,34
28,45
35,32
30,44
30,36
30,46
32,37
31,46
33,36
28,45
32,36
31,43
34,37
31,45
33,38
29,45
35,36
31,49
29,38
29,45
32,35
30,45
43,35
30,39
42,33
30,39
46,33
31,40
40,35
30,40
41,33
32,39
41,35
30,38
42,32
28,40
42,37
27,36
41,35
29,40
42,36
30,39
44,33
31,39
40,38
30,38
40,32
31,39
44,35
30,39
45,33
29,36
42,36
30,37
41,37
31,40
43,37
31,40
43,34
25,40
43,36
28,41
42,32
28,39
44,33
27,38
42,35
27,38
42,35
29,38
43,35
27,37
42,33
28,37
44,34
23,38
40,41
26,34
37,39
27,34
35,41
25,35
38,41
30,35
36,44
28,32
35,39
27,35
34,39
29,35
37,39
28,34
36,40
25,35
36,41
24,32
36,39
29,38
37,42
26,35
38,42
27,36
38,41
25,37
38,44
25,35
38,40
25,35
37,42
22,42
58,48
26,43
60,46
24,44
24,44
22,44
19,45
27,42
29,43
21,47
25,47
24,45
50,31
28,42
51,37
36,41
55,36
55,42
37,44
36,45
38,45
35,43
61,45
37,45
36,43
55,47
37,45
36,43
35,43
37,45
32,43
35,44
40,45
38,43
38,43
60,46
41,45
36,44
39,45
40,42
35,41
33,45
59,45
40,39
61,41
38,41
39,43
37,39
34,43
37,44
64,45
39,43
39,43
40,43
42,43
37,41
37,41
37,41
37,41
37,41
39,43
39,43
30,43
33,45
31,45
33,46
36,43
40,43
39,41
39,45
37,45
34,39
56,32
33,38
53,30
21,45
27,48
40,38
24,49
44,38
28,48
42,40
38,45
55,45
38,43
40,42
34,43
54,40
38,45
37,46
34,51
49,36
31,50
29,40
32,40
33,40
36,41
28,36
63,45
62,45
31,40
35,40
62,43
29,39
63,44
37,40
18,42
52,33
21,42
51,33
24,46
44,46
28,58
38,52
31,60
41,48
32,55
36,47
37,53
43,47
35,47
46,45
36,41
47,41
39,44
40,42
53,50
34,45
38,46
35,44
32,43
32,44
35,45
31,44
34,44
32,44
32,44
35,41
31,41
34,41
30,43
31,43
31,41
31,41
31,46
28,45
31,43
31,43
30,43
32,45
31,40
32,42
26,38
39,55
40,55
49,53
28,39
42,51
57,35
43,55
49,51
44,59
46,49
41,53
43,48
42,55
33,46
41,53
37,45
59,40
47,53
38,42
47,50
41,47
47,50
43,50
38,43
59,41
35,44
45,48
32,40
44,46
33,41
45,44
54,40
39,42
41,41
42,43
42,41
39,45
46,38
44,40
69,40
46,39
49,39
41,41
47,39
44,47
41,38
58,36
42,39
42,41
50,48
44,41
45,35
51,42
48,35
57,47
48,34
50,45
53,41
50,37
52,41
53,45
53,43
47,39
53,41
50,36
49,42
48,36
45,39
49,33
44,38
31,38
28,39
27,37
27,39
27,36
31,41
31,38
35,43
38,40
32,35
46,44
41,39
34,31
38,40
31,33
34,33
28,42
31,35
31,37
27,33
33,38
28,37
28,40
34,42
33,43
29,37
29,40
33,42
31,40
29,40
31,42
43,43
35,36
35,38
36,35
46,41
35,40
37,36
35,37
38,38
33,36
36,34
25,34
27,33
29,42
32,32
32,37
28,37
29,34
32,41
35,40
32,37
32,39
36,41
32,36
36,37
31,38
35,35
31,37
29,35
35,40
30,40
31,35
28,39
31,35
33,44
32,33
30,40
31,35
31,38
27,32
36,47
37,49
35,51
33,36
40,40
36,39
40,40
33,42
39,41
35,37
36,40
34,37
34,39
31,35
37,40
32,40
31,42
31,44
33,39
33,35
33,36
37,42
33,35
30,33
33,40
37,38
41,30
43,31
38,29
39,27
44,35
31,34
39,37
39,31
27,41
34,36
34,42
30,38
30,39
33,39
33,37
33,36
35,39
34,35
32,35
37,47
29,39
32,38
32,41
30,38
36,42
32,39
31,35
30,42
36,35
37,44
37,50
33,35
33,40
35,50
41,43
28,32
38,34
31,36
32,47
33,40
55,54
28,29
38,43
30,40
46,50
32,38
34,40
39,42
31,35
38,54
29,31
35,37
36,39
35,35
46,45
28,33
50,60
29,33
38,44
41,42
30,35
31,35
35,40
35,43
35,42
36,40
40,43
31,33
31,34
33,28
36,37
34,31
33,28
33,34
29,36
34,35
30,34
39,40
25,31
27,32
47,44
48,50
43,47
34,42
33,37
41,42
41,32
38,44
33,43
33,44
54,56
32,35
38,49
36,44
31,35
31,39
34,39
33,29
30,33
32,35
34,34
37,34
39,36
38,35
40,42
36,39
26,38
40,39
32,34
37,42
35,36
39,45
36,38
40,38
31,34
36,43
30,34
40,41
38,31
34,36
43,41
36,40
39,45
34,35
38,42
35,40
33,37
41,26
41,38
30,28
36,37
34,28
32,34
36,35
36,38
36,34
26,33
36,37
30,31
33,37
25,28
27,32
34,34
30,31
35,36
34,26
32,39
32,36
30,34
37,35
36,35
36,38
32,37
39,37
32,35
38,40
35,38
40,45
31,37
31,31
35,34
30,37
37,35
37,39
34,40
25,32
28,39
36,35
25,31
35,34
35,41
40,43
32,39
40,39
41,41
33,32
34,37
33,47
29,28
34,40
25,28
36,44
33,40
30,40
30,41
30,35
31,35
35,38
33,37
36,45
38,46
29,33
36,38
26,39
38,54
36,48
40,41
31,43
39,40
29,38
18,38
29,41
39,33
38,35
37,42
40,44
43,45
41,46
40,48
41,43
50,52
40,44
41,41
38,49
42,41
43,46
34,34
35,47
35,40
44,36
39,41
37,34
31,35
32,35
35,35
38,44
37,33
34,30
35,32
29,35
28,36
30,44
34,42
30,41
40,45
28,35
33,37
40,42
33,31
41,41
32,31
44,43
32,34
32,33
44,42
31,36
39,50
37,32
32,42
33,44
34,33
35,40
29,31
26,33
31,30
39,47
31,32
38,48
33,34
36,44
30,33
31,31
30,34
33,46
36,43
27,30
35,37
34,37
33,37
29,34
36,33
36,38
26,33
35,45
33,37
38,46
30,36
36,45
49,82
34,39
39,44
42,44
29,33
32,42
34,41
32,33
28,40
34,38
25,36
31,31
32,43
34,34
35,44
29,42
32,31
38,45
26,34
36,43
26,33
38,44
27,29
35,38
37,41
28,36
31,39
36,42
31,35
34,40
34,40
32,37
40,45
29,34
41,41
26,32
38,39
36,35
29,31
39,38
30,34
38,39
29,35
36,39
26,37
33,41
32,35
33,36
29,31
34,39
38,39
25,36
33,37
36,42
30,35
35,41
27,35
34,43
26,35
32,42
29,37
32,41
34,32
30,35
26,35
28,34
32,42
38,39
34,33
33,38
33,38
33,32
30,39
34,37
31,37
36,36
28,31
34,32
28,30
31,33
37,28
32,43
31,30
31,32
30,38
40,38
34,37
34,35
29,39
37,24
31,43
31,43
40,33
35,33
35,38
35,32
35,33
33,31
35,38
36,29
36,35
33,32
38,43
37,38
32,34
37,36
35,33
38,36
38,32
37,35
35,25
35,32
35,38
35,29
36,36
34,30
35,37
34,29
34,35
33,30
34,35
35,38
35,30
35,37
34,30
34,34
34,30
33,34
32,30
34,36
31,34
35,31
35,31
34,31
33,33
32,33
35,34
36,37
36,30
33,36
34,28
34,30
35,33
34,29
34,34
31,27
36,36
33,32
35,30
32,32
31,32
32,33
35,35
34,34
34,34
34,34
29,34
41,37
32,34
32,34
36,35
33,37
33,37
38,40
34,35
33,42
35,36
35,36
35,40
31,34
31,34
31,34
39,53
38,30
35,37
34,35
47,61
38,31
47,63
34,30
34,31
47,63
33,31
46,61
38,37
33,32
36,28
50,67
31,31
47,64
46,64
35,37
45,62
42,53
44,61
44,61
38,42
46,64
46,61
37,45
43,61
35,43
38,36
37,45
36,40
49,63
47,60
46,59
36,37
43,59
35,43
50,62
35,31
42,46
35,30
38,36
38,42
32,30
39,42
34,30
42,40
37,41
37,39
37,39
34,28
38,43
31,33
39,44
33,33
36,39
37,37
37,29
39,43
36,29
39,44
38,37
40,41
40,31
40,41
38,34
37,39
37,39
36,37
31,40
33,34
34,41
34,34
33,39
34,35
41,35
33,36
32,40
36,32
32,41
35,35
29,41
35,39
30,40
38,36
32,36
36,36
33,29
33,40
32,36
30,41
40,31
29,38
36,36
36,43
33,37
36,35
34,40
34,33
34,35
35,34
36,37
33,35
32,36
34,29
38,36
36,38
36,34
35,32
35,38
31,32
31,31
33,31
37,33
36,41
33,32
34,40
33,33
33,38
35,36
35,38
31,34
32,36
37,40
33,33
33,36
33,34
34,34
34,34
36,37
34,36
36,35
36,35
35,30
34,36
34,32
35,37
35,41
38,34
33,34
33,34
33,33
33,33
35,34
35,35
36,31
35,43
36,31
36,37
36,34
35,35
33,34
35,36
33,28
33,34
32,30
32,35
27,28
37,32
33,31
33,33
38,31
35,34
35,34
35,29
35,33
35,32
37,32
35,32
36,37
35,25
35,33
33,29
33,38
36,32
35,36
36,32
36,32
32,32
34,42
36,33
35,33
36,36
36,31
37,37
37,26
37,35
37,35
37,38
35,32
32,36
33,36
38,39
36,29
36,33
38,36
31,48
35,39
45,37
42,36
29,38
35,38
32,36
40,32
33,38
40,38
35,36
29,40
37,35
34,36
33,37
34,33
37,34
36,36
35,38
35,38
36,34
34,34
38,35
38,35
34,35
34,29
37,34
33,38
36,34
36,34
33,34
36,36
36,33
34,34
34,34
38,43
36,35
35,33
34,34
34,33
34,34
33,35
34,35
34,30
34,34
36,38
36,34
36,33
36,33
36,32
34,31
32,32
34,34
35,37
40,38
35,36
35,32
36,27
32,33
33,30
31,32
31,30
36,29
37,32
35,36
32,38
34,34
34,31
34,37
34,35
36,32
37,30
34,32
34,35
34,31
35,32
36,32
37,33
39,32
36,31
36,31
35,32
33,38
30,32
33,32
33,32
33,32
32,31
32,34
32,30
35,34
36,29
33,32
33,32
33,37
33,33
32,30
33,32
37,36
35,30
32,31
35,41
35,32
35,30
35,36
35,33
35,39
35,40
34,36
33,40
40,38
31,36
38,38
40,38
26,42
36,39
33,35
34,37
34,37
34,39
30,37
27,38
32,39
34,27
38,37
35,30
35,33
35,33
35,33
37,33
33,37
35,37
37,33
37,33
33,36
32,32
37,39
34,37
34,37
31,35
35,36
35,38
35,44
34,38
32,40
38,35
35,39
35,36
35,36
37,37
33,38
34,35
34,36
34,37
32,33
29,35
39,36
35,37
34,34
33,29
47,62
33,34
35,34
33,39
34,35
39,39
33,37
37,36
35,39
37,33
37,37
43,35
39,38
33,40
41,34
36,38
43,37
37,38
46,32
41,38
29,41
44,34
37,37
43,35
40,36
44,34
41,33
43,36
36,39
41,33
38,34
38,41
38,37
34,36
35,35
29,39
37,37
32,37
36,34
32,39
36,36
29,35
38,38
29,36
39,33
35,37
40,37
42,34
36,40
38,35
37,37
34,31
37,32
40,34
38,39
36,29
38,38
36,39
37,33
35,34
36,40
31,32
37,33
32,33
37,32
35,42
38,32
33,30
31,32
43,34
34,32
35,32
31,31
38,31
35,37
32,29
35,36
35,31
35,33
35,31
34,33
37,33
35,36
33,31
32,30
32,37
33,36
33,31
35,30
32,25
34,32
37,34
35,30
36,31
32,30
38,31
34,33
38,33
38,28
37,34
33,30
36,37
34,31
36,38
36,32
35,32
35,32
31,31
35,33
33,31
33,40
33,36
35,34
33,31
33,30
35,35
35,32
32,31
35,36
34,32
34,36
33,29
33,37
39,34
38,29
39,32
37,31
38,33
41,29
37,29
37,33
31,41
34,29
37,31
36,28
34,30
37,29
34,31
41,32
39,29
39,32
31,37
35,28
34,31
36,36
34,35
30,35
33,35
31,32
32,37
32,34
30,29
38,35
32,39
32,29
39,35
35,26
34,29
34,29
34,27
33,30
33,40
35,29
35,33
35,34
36,28
36,31
36,31
34,34
36,30
27,38
32,35
32,37
39,27
39,32
36,27
34,38
34,32
35,33
35,30
36,32
36,36
36,30
34,32
35,27
38,26
38,36
34,32
35,33
34,36
41,36
38,41
31,30
35,32
38,32
34,38
34,30
38,35
40,36
38,36
44,33
34,39
40,36
40,36
40,36
42,36
35,38
35,36
35,29
34,35
38,37
38,33
36,35
34,37
34,31
38,28
37,36
36,38
37,28
37,33
38,36
37,36
39,46
31,33
38,37
38,39
34,39
34,41
38,40
35,38
35,35
35,39
37,31
39,41
34,36
35,39
33,38
34,35
34,39
35,37
36,39
36,36
34,40
34,36
34,39
34,35
34,38
35,37
36,34
33,42
34,35
34,41
34,37
34,42
35,36
36,42
36,38
37,37
33,39
36,34
40,39
36,39
33,38
33,35
33,37
36,34
33,42
30,38
33,39
33,42
34,38
29,33
31,39
31,31
32,45
26,34
38,38
31,43
30,33
32,42
32,31
31,43
32,33
32,44
30,29
34,37
33,45
28,32
34,44
30,33
38,50
29,35
35,45
29,33
35,45
40,37
38,39
39,43
34,36
38,44
39,33
39,46
39,35
38,42
37,32
38,44
36,33
36,32
36,45
36,34
35,48
37,36
41,42
40,38
34,44
48,44
36,35
38,43
38,33
38,39
36,32
35,40
37,35
48,49
35,42
35,35
34,39
32,33
34,35
35,31
36,39
35,32
33,37
34,43
34,36
34,39
35,44
33,36
33,40
32,35
33,43
28,45
36,33
36,38
36,35
33,41
33,37
36,35
34,28
40,38
35,30
34,41
37,39
32,30
35,38
35,33
35,41
32,30
32,35
32,32
33,45
32,33
32,41
30,46
30,32
50,64
34,33
43,59
31,34
43,61
28,33
35,40
27,32
28,30
48,67
33,32
32,32
33,46
49,59
29,31
48,59
30,31
54,60
31,30
34,31
34,38
48,58
35,37
50,55
36,31
42,44
35,33
41,41
33,32
35,41
34,33
34,35
34,34
35,38
38,35
39,41
31,34
34,40
34,33
36,39
35,40
34,32
34,40
36,34
36,42
36,35
36,39
36,32
36,39
34,31
34,37
33,34
32,35
35,39
37,33
37,37
35,39
33,30
33,32
36,37
36,36
37,34
39,34
33,39
36,37
30,41
37,37
29,38
37,33
36,39
34,36
39,37
21,38
30,35
23,39
32,41
32,32
22,38
31,36
21,42
32,35
24,40
28,45
28,36
39,58
36,41
45,55
46,64
30,27
38,40
40,35
30,28
39,43
36,31
36,34
36,36
38,37
37,31
36,38
35,34
37,38
39,39
35,35
35,32
35,36
39,30
36,33
35,29
35,34
35,28
35,28
35,31
35,33
38,33
32,33
35,34
35,31
36,28
36,29
36,30
37,36
33,25
32,37
32,29
33,34
39,33
36,34
36,38
38,32
35,36
37,33
36,34
36,34
36,37
36,29
35,39
35,31
37,34
30,36
37,33
35,31
33,33
36,31
37,31
30,29
36,33
35,39
35,38
35,41
35,38
24,39
31,38
25,39
28,36
31,38
35,36
32,36
34,36
30,36
37,38
26,36
26,39
37,34
23,35
